info Found Xcode workspace "Hrms_.xcworkspace"
info Found booted iPhone 17 Pro
info Building (using "xcodebuild -workspace Hrms_.xcworkspace -configuration Debug -scheme Hrms_ -destination id=A72E61B4-8643-4356-8A98-9D8212DB0568")
debug Command line invocation:
    
debug /Applications/Xcode.app/Contents/Developer/usr/bin/xcodebuild -workspace Hrms_.xcworkspace -configuration Debug -scheme Hrms_ -destination id=A72E61B4-8643-4356-8A98-9D8212DB0568


debug ComputePackagePrebuildTargetDependencyGraph

debug 

debug Prepare packages

debug 

debug CreateBuildRequest

debug 
SendProjectDescription

debug 
CreateBuildOperation

debug 

debug ComputeTargetDependencyGraph

debug note: Building targets in dependency order

debug note: Target dependency graph (125 targets)
    Target 'Hrms_' in project 'Hrms_'
        ➜ Implicit dependency on target 'Pods-Hrms_' in project 'Pods' via file 'libPods-Hrms_.a' in build phase 'Link Binary'
        ➜ Implicit dependency on target 'BVLinearGradient' in project 'Pods' via options '-lBVLinearGradient' in build setting 'OTHER_LDFLAGS'
        ➜ Implicit dependency on target 'DoubleConversion' in project 'Pods' via options '-lDoubleConversion' in build setting 'OTHER_LDFLAGS'
        ➜ Implicit dependency on target 'FirebaseCore' in project 'Pods' via options '-lFirebaseCore' in build setting 'OTHER_LDFLAGS'
        ➜ Implicit dependency on target 'FirebaseCoreExtension' in project 'Pods' via options '-lFirebaseCoreExtension' in build setting 'OTHER_LDFLAGS'
        ➜ Implicit dependency on target 'FirebaseCoreInternal' in project 'Pods' via options '-lFirebaseCoreInternal' in build setting 'OTHER_LDFLAGS'
        ➜ Implicit dependency on target 'FirebaseInstallations' in project 'Pods' via options '-lFirebaseInstallations' in build setting 'OTHER_LDFLAGS'
        ➜ Implicit dependency on target 'FirebaseMessaging' in project 'Pods' via options '-lFirebaseMessaging' in build setting 'OTHER_LDFLAGS'
        ➜ Implicit dependency on target 'GoogleDataTransport' in project 'Pods' via options '-lGoogleDataTransport' in build setting 'OTHER_LDFLAGS'
        ➜ Implicit dependency on target 'GoogleUtilities' in project 'Pods' via options '-lGoogleUtilities' in build setting 'OTHER_LDFLAGS'
        ➜ Implicit dependency on target 'HtmlToPdf' in project 'Pods' via options '-lHtmlToPdf' in build setting 'OTHER_LDFLAGS'
        ➜ Implicit dependency on target 'NitroModules' in project 'Pods' via options '-lNitroModules' in build setting 'OTHER_LDFLAGS'
        ➜ Implicit dependency on target 'PromisesObjC' in project 'Pods' via options '-lPromisesObjC' in build setting 'OTHER_LDFLAGS'
        ➜ Implicit dependency on target 'RCT-Folly' in project 'Pods' via options '-lRCT-Folly' in build setting 'OTHER_LDFLAGS'
        ➜ Implicit dependency on target 'RCTDeprecation' in project 'Pods' via options '-lRCTDeprecation' in build setting 'OTHER_LDFLAGS'
        ➜ Implicit dependency on target 'RCTTypeSafety' in project 'Pods' via options '-lRCTTypeSafety' in build setting 'OTHER_LDFLAGS'
        ➜ Implicit dependency on target 'RNCAsyncStorage' in project 'Pods' via options '-lRNCAsyncStorage' in build setting 'OTHER_LDFLAGS'
        ➜ Implicit dependency on target 'RNCPicker' in project 'Pods' via options '-lRNCPicker' in build setting 'OTHER_LDFLAGS'
        ➜ Implicit dependency on target 'RNDateTimePicker' in project 'Pods' via options '-lRNDateTimePicker' in build setting 'OTHER_LDFLAGS'
        ➜ Implicit dependency on target 'RNFBApp' in project 'Pods' via options '-lRNFBApp' in build setting 'OTHER_LDFLAGS'
        ➜ Implicit dependency on target 'RNFBMessaging' in project 'Pods' via options '-lRNFBMessaging' in build setting 'OTHER_LDFLAGS'
        ➜ Implicit dependency on target 'RNFS' in project 'Pods' via options '-lRNFS' in build setting 'OTHER_LDFLAGS'
        ➜ Implicit dependency on target 'RNGestureHandler' in project 'Pods' via options '-lRNGestureHandler' in build setting 'OTHER_LDFLAGS'
        ➜ Implicit dependency on target 'RNKeychain' in project 'Pods' via options '-lRNKeychain' in build setting 'OTHER_LDFLAGS'
        ➜ Implicit dependency on target 'RNNotifee' in project 'Pods' via options '-lRNNotifee' in build setting 'OTHER_LDFLAGS'
        ➜ Implicit dependency on target 'RNPermissions' in project 'Pods' via options '-lRNPermissions' in build setting 'OTHER_LDFLAGS'
        ➜ Implicit dependency on target 'RNReanimated' in project 'Pods' via options '-lRNReanimated' in build setting 'OTHER_LDFLAGS'
        ➜ Implicit dependency on target 'RNScreens' in project 'Pods' via options '-lRNScreens' in build setting 'OTHER_LDFLAGS'
        ➜ Implicit dependency on target 'RNShare' in project 'Pods' via options '-lRNShare' in build setting 'OTHER_LDFLAGS'
        ➜ Implicit dependency on target 'RNVectorIcons' in project 'Pods' via options '-lRNVectorIcons' in build setting 'OTHER_LDFLAGS'
        ➜ Implicit dependency on target 'React-Core' in project 'Pods' via options '-lReact-Core' in build setting 'OTHER_LDFLAGS'
        ➜ Implicit dependency on target 'React-CoreModules' in project 'Pods' via options '-lReact-CoreModules' in build setting 'OTHER_LDFLAGS'
        ➜ Implicit dependency on target 'React-Fabric' in project 'Pods' via options '-lReact-Fabric' in build setting 'OTHER_LDFLAGS'
        ➜ Implicit dependency on target 'React-FabricComponents' in project 'Pods' via options '-lReact-FabricComponents' in build setting 'OTHER_LDFLAGS'
        ➜ Implicit dependency on target 'React-FabricImage' in project 'Pods' via options '-lReact-FabricImage' in build setting 'OTHER_LDFLAGS'
        ➜ Implicit dependency on target 'React-ImageManager' in project 'Pods' via options '-lReact-ImageManager' in build setting 'OTHER_LDFLAGS'
        ➜ Implicit dependency on target 'React-Mapbuffer' in project 'Pods' via options '-lReact-Mapbuffer' in build setting 'OTHER_LDFLAGS'
        ➜ Implicit dependency on target 'React-NativeModulesApple' in project 'Pods' via options '-lReact-NativeModulesApple' in build setting 'OTHER_LDFLAGS'
        ➜ Implicit dependency on target 'React-RCTAnimation' in project 'Pods' via options '-lReact-RCTAnimation' in build setting 'OTHER_LDFLAGS'
        ➜ Implicit dependency on target 'React-RCTAppDelegate' in project 'Pods' via options '-lReact-RCTAppDelegate' in build setting 'OTHER_LDFLAGS'
        ➜ Implicit dependency on target 'React-RCTBlob' in project 'Pods' via options '-lReact-RCTBlob' in build setting 'OTHER_LDFLAGS'
        ➜ Implicit dependency on target 'React-RCTFBReactNativeSpec' in project 'Pods' via options '-lReact-RCTFBReactNativeSpec' in build setting 'OTHER_LDFLAGS'
        ➜ Implicit dependency on target 'React-RCTFabric' in project 'Pods' via options '-lReact-RCTFabric' in build setting 'OTHER_LDFLAGS'
        ➜ Implicit dependency on target 'React-RCTImage' in project 'Pods' via options '-lReact-RCTImage' in build setting 'OTHER_LDFLAGS'
        ➜ Implicit dependency on target 'React-RCTLinking' in project 'Pods' via options '-lReact-RCTLinking' in build setting 'OTHER_LDFLAGS'
        ➜ Implicit dependency on target 'React-RCTNetwork' in project 'Pods' via options '-lReact-RCTNetwork' in build setting 'OTHER_LDFLAGS'
        ➜ Implicit dependency on target 'React-RCTRuntime' in project 'Pods' via options '-lReact-RCTRuntime' in build setting 'OTHER_LDFLAGS'
        ➜ Implicit dependency on target 'React-RCTSettings' in project 'Pods' via options '-lReact-RCTSettings' in build setting 'OTHER_LDFLAGS'
        ➜ Implicit dependency on target 'React-RCTText' in project 'Pods' via options '-lReact-RCTText' in build setting 'OTHER_LDFLAGS'
        ➜ Implicit dependency on target 'React-RCTVibration' in project 'Pods' via options '-lReact-RCTVibration' in build setting 'OTHER_LDFLAGS'
        ➜ Implicit dependency on target 'React-RuntimeApple' in project 'Pods' via options '-lReact-RuntimeApple' in build setting 'OTHER_LDFLAGS'
        ➜ Implicit dependency on target 'React-RuntimeCore' in project 'Pods' via options '-lReact-RuntimeCore' in build setting 'OTHER_LDFLAGS'
        ➜ Implicit dependency on target 'React-RuntimeHermes' in project 'Pods' via options '-lReact-RuntimeHermes' in build setting 'OTHER_LDFLAGS'
        ➜ Implicit dependency on target 'React-cxxreact' in project 'Pods' via options '-lReact-cxxreact' in build setting 'OTHER_LDFLAGS'
        ➜ Implicit dependency on target 'React-debug' in project 'Pods' via options '-lReact-debug' in build setting 'OTHER_LDFLAGS'
        ➜ Implicit dependency on target 'React-defaultsnativemodule' in project 'Pods' via options '-lReact-defaultsnativemodule' in build setting 'OTHER_LDFLAGS'
        ➜ Implicit dependency on target 'React-domnativemodule' in project 'Pods' via options '-lReact-domnativemodule' in build setting 'OTHER_LDFLAGS'
        ➜ Implicit dependency on target 'React-featureflags' in project 'Pods' via options '-lReact-featureflags' in build setting 'OTHER_LDFLAGS'
        ➜ Implicit dependency on target 'React-featureflagsnativemodule' in project 'Pods' via options '-lReact-featureflagsnativemodule' in build setting 'OTHER_LDFLAGS'
        ➜ Implicit dependency on target 'React-graphics' in project 'Pods' via options '-lReact-graphics' in build setting 'OTHER_LDFLAGS'
        ➜ Implicit dependency on target 'React-hermes' in project 'Pods' via options '-lReact-hermes' in build setting 'OTHER_LDFLAGS'
        ➜ Implicit dependency on target 'React-idlecallbacksnativemodule' in project 'Pods' via options '-lReact-idlecallbacksnativemodule' in build setting 'OTHER_LDFLAGS'
        ➜ Implicit dependency on target 'React-jserrorhandler' in project 'Pods' via options '-lReact-jserrorhandler' in build setting 'OTHER_LDFLAGS'
        ➜ Implicit dependency on target 'React-jsi' in project 'Pods' via options '-lReact-jsi' in build setting 'OTHER_LDFLAGS'
        ➜ Implicit dependency on target 'React-jsiexecutor' in project 'Pods' via options '-lReact-jsiexecutor' in build setting 'OTHER_LDFLAGS'
        ➜ Implicit dependency on target 'React-jsinspector' in project 'Pods' via options '-lReact-jsinspector' in build setting 'OTHER_LDFLAGS'
        ➜ Implicit dependency on target 'React-jsinspectorcdp' in project 'Pods' via options '-lReact-jsinspectorcdp' in build setting 'OTHER_LDFLAGS'
        ➜ Implicit dependency on target 'React-jsinspectornetwork' in project 'Pods' via options '-lReact-jsinspectornetwork' in build setting 'OTHER_LDFLAGS'
        ➜ Implicit dependency on target 'React-jsinspectortracing' in project 'Pods' via options '-lReact-jsinspectortracing' in build setting 'OTHER_LDFLAGS'
        ➜ Implicit dependency on target 'React-jsitooling' in project 'Pods' via options '-lReact-jsitooling' in build setting 'OTHER_LDFLAGS'
        ➜ Implicit dependency on target 'React-logger' in project 'Pods' via options '-lReact-logger' in build setting 'OTHER_LDFLAGS'
        ➜ Implicit dependency on target 'React-microtasksnativemodule' in project 'Pods' via options '-lReact-microtasksnativemodule' in build setting 'OTHER_LDFLAGS'
        ➜ Implicit dependency on target 'React-oscompat' in project 'Pods' via options '-lReact-oscompat' in build setting 'OTHER_LDFLAGS'
        ➜ Implicit dependency on target 'React-perflogger' in project 'Pods' via options '-lReact-perflogger' in build setting 'OTHER_LDFLAGS'
        ➜ Implicit dependency on target 'React-performancetimeline' in project 'Pods' via options '-lReact-performancetimeline' in build setting 'OTHER_LDFLAGS'
        ➜ Implicit dependency on target 'React-rendererconsistency' in project 'Pods' via options '-lReact-rendererconsistency' in build setting 'OTHER_LDFLAGS'
        ➜ Implicit dependency on target 'React-renderercss' in project 'Pods' via options '-lReact-renderercss' in build setting 'OTHER_LDFLAGS'
        ➜ Implicit dependency on target 'React-rendererdebug' in project 'Pods' via options '-lReact-rendererdebug' in build setting 'OTHER_LDFLAGS'
        ➜ Implicit dependency on target 'React-runtimescheduler' in project 'Pods' via options '-lReact-runtimescheduler' in build setting 'OTHER_LDFLAGS'
        ➜ Implicit dependency on target 'React-utils' in project 'Pods' via options '-lReact-utils' in build setting 'OTHER_LDFLAGS'
        ➜ Implicit dependency on target 'ReactAppDependencyProvider' in project 'Pods' via options '-lReactAppDependencyProvider' in build setting 'OTHER_LDFLAGS'
        ➜ Implicit dependency on target 'ReactCodegen' in project 'Pods' via options '-lReactCodegen' in build setting 'OTHER_LDFLAGS'
        ➜ Implicit dependency on target 'ReactCommon' in project 'Pods' via options '-lReactCommon' in build setting 'OTHER_LDFLAGS'
        ➜ Implicit dependency on target 'SocketRocket' in project 'Pods' via options '-lSocketRocket' in build setting 'OTHER_LDFLAGS'
        ➜ Implicit dependency on target 'Yoga' in project 'Pods' via options '-lYoga' in build setting 'OTHER_LDFLAGS'
        ➜ Implicit dependency on target 'fmt' in project 'Pods' via options '-lfmt' in build setting 'OTHER_LDFLAGS'
        ➜ Implicit dependency on target 'glog' in project 'Pods' via options '-lglog' in build setting 'OTHER_LDFLAGS'
        ➜ Implicit dependency on target 'nanopb' in project 'Pods' via options '-lnanopb' in build setting 'OTHER_LDFLAGS'
        ➜ Implicit dependency on target 'react-native-geolocation-service' in project 'Pods' via options '-lreact-native-geolocation-service' in build setting 'OTHER_LDFLAGS'
        ➜ Implicit dependency on target 'react-native-maps' in project 'Pods' via options '-lreact-native-maps' in build setting 'OTHER_LDFLAGS'
        ➜ Implicit dependency on target 'react-native-pager-view' in project 'Pods' via options '-lreact-native-pager-view' in build setting 'OTHER_LDFLAGS'
        ➜ Implicit dependency on target 'react-native-print' in project 'Pods' via options '-lreact-native-print' in build setting 'OTHER_LDFLAGS'
        ➜ Implicit dependency on target 'react-native-safe-area-context' in project 'Pods' via options '-lreact-native-safe-area-context' in build setting 'OTHER_LDFLAGS'
        ➜ Implicit dependency on target 'react-native-view-shot' in project 'Pods' via options '-lreact-native-view-shot' in build setting 'OTHER_LDFLAGS'
        ➜ Implicit dependency on target 'react-native-webview' in project 'Pods' via options '-lreact-native-webview' in build setting 'OTHER_LDFLAGS'
    Target 'Pods-Hrms_' in project 'Pods'
        ➜ Explicit dependency on target 'BVLinearGradient' in project 'Pods'
        ➜ Explicit dependency on target 'DoubleConversion' in project 'Pods'
        ➜ Explicit dependency on target 'FBLazyVector' in project 'Pods'
        ➜ Explicit dependency on target 'Firebase' in project 'Pods'
        ➜ Explicit dependency on target 'FirebaseCore' in project 'Pods'
        ➜ Explicit dependency on target 'FirebaseCoreExtension' in project 'Pods'
        ➜ Explicit dependency on target 'FirebaseCoreInternal' in project 'Pods'
        ➜ Explicit dependency on target 'FirebaseInstallations' in project 'Pods'
        ➜ Explicit dependency on target 'FirebaseMessaging' in project 'Pods'
        ➜ Explicit dependency on target 'GoogleDataTransport' in project 'Pods'
        ➜ Explicit dependency on target 'GoogleUtilities' in project 'Pods'
        ➜ Explicit dependency on target 'HtmlToPdf' in project 'Pods'
        ➜ Explicit dependency on target 'NitroModules' in project 'Pods'
        ➜ Explicit dependency on target 'PromisesObjC' in project 'Pods'
        ➜ Explicit dependency on target 'RCT-Folly' in project 'Pods'
        ➜ Explicit dependency on target 'RCTDeprecation' in project 'Pods'
        ➜ Explicit dependency on target 'RCTRequired' in project 'Pods'
        ➜ Explicit dependency on target 'RCTTypeSafety' in project 'Pods'
        ➜ Explicit dependency on target 'RNCAsyncStorage' in project 'Pods'
        ➜ Explicit dependency on target 'RNCPicker' in project 'Pods'
        ➜ Explicit dependency on target 'RNDateTimePicker' in project 'Pods'
        ➜ Explicit dependency on target 'RNFBApp' in project 'Pods'
        ➜ Explicit dependency on target 'RNFBMessaging' in project 'Pods'
        ➜ Explicit dependency on target 'RNFS' in project 'Pods'
        ➜ Explicit dependency on target 'RNGestureHandler' in project 'Pods'
        ➜ Explicit dependency on target 'RNKeychain' in project 'Pods'
        ➜ Explicit dependency on target 'RNNotifee' in project 'Pods'
        ➜ Explicit dependency on target 'RNPermissions' in project 'Pods'
        ➜ Explicit dependency on target 'RNReanimated' in project 'Pods'
        ➜ Explicit dependency on target 'RNScreens' in project 'Pods'
        ➜ Explicit dependency on target 'RNShare' in project 'Pods'
        ➜ Explicit dependency on target 'RNVectorIcons' in project 'Pods'
        ➜ Explicit dependency on target 'React' in project 'Pods'
        ➜ Explicit dependency on target 'React-Core' in project 'Pods'
        ➜ Explicit dependency on target 'React-CoreModules' in project 'Pods'
        ➜ Explicit dependency on target 'React-Fabric' in project 'Pods'
        ➜ Explicit dependency on target 'React-FabricComponents' in project 'Pods'
        ➜ Explicit dependency on target 'React-FabricImage' in project 'Pods'
        ➜ Explicit dependency on target 'React-ImageManager' in project 'Pods'
        ➜ Explicit dependency on target 'React-Mapbuffer' in project 'Pods'
        ➜ Explicit dependency on target 'React-NativeModulesApple' in project 'Pods'
        ➜ Explicit dependency on target 'React-RCTActionSheet' in project 'Pods'
        ➜ Explicit dependency on target 'React-RCTAnimation' in project 'Pods'
        ➜ Explicit dependency on target 'React-RCTAppDelegate' in project 'Pods'
        ➜ Explicit dependency on target 'React-RCTBlob' in project 'Pods'
        ➜ Explicit dependency on target 'React-RCTFBReactNativeSpec' in project 'Pods'
        ➜ Explicit dependency on target 'React-RCTFabric' in project 'Pods'
        ➜ Explicit dependency on target 'React-RCTImage' in project 'Pods'
        ➜ Explicit dependency on target 'React-RCTLinking' in project 'Pods'
        ➜ Explicit dependency on target 'React-RCTNetwork' in project 'Pods'
        ➜ Explicit dependency on target 'React-RCTRuntime' in project 'Pods'
        ➜ Explicit dependency on target 'React-RCTSettings' in project 'Pods'
        ➜ Explicit dependency on target 'React-RCTText' in project 'Pods'
        ➜ Explicit dependency on target 'React-RCTVibration' in project 'Pods'
        ➜ Explicit dependency on target 'React-RuntimeApple' in project 'Pods'
        ➜ Explicit dependency on target 'React-RuntimeCore' in project 'Pods'
        ➜ Explicit dependency on target 'React-RuntimeHermes' in project 'Pods'
        ➜ Explicit dependency on target 'React-callinvoker' in project 'Pods'
        ➜ Explicit dependency on target 'React-cxxreact' in project 'Pods'
        ➜ Explicit dependency on target 'React-debug' in project 'Pods'
        ➜ Explicit dependency on target 'React-defaultsnativemodule' in project 'Pods'
        ➜ Explicit dependency on target 'React-domnativemodule' in project 'Pods'
        ➜ Explicit dependency on target 'React-featureflags' in project 'Pods'
        ➜ Explicit dependency on target 'React-featureflagsnativemodule' in project 'Pods'
        ➜ Explicit dependency on target 'React-graphics' in project 'Pods'
        ➜ Explicit dependency on target 'React-hermes' in project 'Pods'
        ➜ Explicit dependency on target 'React-idlecallbacksnativemodule' in project 'Pods'
        ➜ Explicit dependency on target 'React-jserrorhandler' in project 'Pods'
        ➜ Explicit dependency on target 'React-jsi' in project 'Pods'
        ➜ Explicit dependency on target 'React-jsiexecutor' in project 'Pods'
        ➜ Explicit dependency on target 'React-jsinspector' in project 'Pods'
        ➜ Explicit dependency on target 'React-jsinspectorcdp' in project 'Pods'
        ➜ Explicit dependency on target 'React-jsinspectornetwork' in project 'Pods'
        ➜ Explicit dependency on target 'React-jsinspectortracing' in project 'Pods'
        ➜ Explicit dependency on target 'React-jsitooling' in project 'Pods'
        ➜ Explicit dependency on target 'React-jsitracing' in project 'Pods'
        ➜ Explicit dependency on target 'React-logger' in project 'Pods'
        ➜ Explicit dependency on target 'React-microtasksnativemodule' in project 'Pods'
        ➜ Explicit dependency on target 'React-oscompat' in project 'Pods'
        ➜ Explicit dependency on target 'React-perflogger' in project 'Pods'
        ➜ Explicit dependency on target 'React-performancetimeline' in project 'Pods'
        ➜ Explicit dependency on target 'React-rendererconsistency' in project 'Pods'
        ➜ Explicit dependency on target 'React-renderercss' in project 'Pods'
        ➜ Explicit dependency on target 'React-rendererdebug' in project 'Pods'
        ➜ Explicit dependency on target 'React-rncore' in project 'Pods'
        ➜ Explicit dependency on target 'React-runtimeexecutor' in project 'Pods'
        ➜ Explicit dependency on target 'React-runtimescheduler' in project 'Pods'
        ➜ Explicit dependency on target 'React-timing' in project 'Pods'
        ➜ Explicit dependency on target 'React-utils' in project 'Pods'
        ➜ Explicit dependency on target 'ReactAppDependencyProvider' in project 'Pods'
        ➜ Explicit dependency on target 'ReactCodegen' in project 'Pods'
        ➜ Explicit dependency on target 'ReactCommon' in project 'Pods'
        ➜ Explicit dependency on target 'SocketRocket' in project 'Pods'
        ➜ Explicit dependency on target 'Yoga' in project 'Pods'
        ➜ Explicit dependency on target 'boost' in project 'Pods'
        ➜ Explicit dependency on target 'fast_float' in project 'Pods'
        ➜ Explicit dependency on target 'fmt' in project 'Pods'
        ➜ Explicit dependency on target 'glog' in project 'Pods'
        ➜ Explicit dependency on target 'hermes-engine' in project 'Pods'
        ➜ Explicit dependency on target 'nanopb' in project 'Pods'
        ➜ Explicit dependency on target 'react-native-geolocation-service' in project 'Pods'
        ➜ Explicit dependency on target 'react-native-maps' in project 'Pods'
        ➜ Explicit dependency on target 'react-native-pager-view' in project 'Pods'
        ➜ Explicit dependency on target 'react-native-print' in project 'Pods'
        ➜ Explicit dependency on target 'react-native-safe-area-context' in project 'Pods'
        ➜ Explicit dependency on target 'react-native-view-shot' in project 'Pods'
        ➜ Explicit dependency on target 'react-native-webview' in project 'Pods'
    Target 'react-native-webview' in project 'Pods'
        ➜ Explicit dependency on target 'DoubleConversion' in project 'Pods'
        ➜ Explicit dependency on target 'RCT-Folly' in project 'Pods'
        ➜ Explicit dependency on target 'RCTRequired' in project 'Pods'
        ➜ Explicit dependency on target 'RCTTypeSafety' in project 'Pods'
        ➜ Explicit dependency on target 'React-Core' in project 'Pods'
        ➜ Explicit dependency on target 'React-Fabric' in project 'Pods'
        ➜ Explicit dependency on target 'React-ImageManager' in project 'Pods'
        ➜ Explicit dependency on target 'React-NativeModulesApple' in project 'Pods'
        ➜ Explicit dependency on target 'React-RCTFabric' in project 'Pods'
        ➜ Explicit dependency on target 'React-debug' in project 'Pods'
        ➜ Explicit dependency on target 'React-featureflags' in project 'Pods'
        ➜ Explicit dependency on target 'React-graphics' in project 'Pods'
        ➜ Explicit dependency on target 'React-hermes' in project 'Pods'
        ➜ Explicit dependency on target 'React-jsi' in project 'Pods'
        ➜ Explicit dependency on target 'React-renderercss' in project 'Pods'
        ➜ Explicit dependency on target 'React-rendererdebug' in project 'Pods'
        ➜ Explicit dependency on target 'React-utils' in project 'Pods'
        ➜ Explicit dependency on target 'ReactCodegen' in project 'Pods'
        ➜ Explicit dependency on target 'ReactCommon' in project 'Pods'
        ➜ Explicit dependency on target 'SocketRocket' in project 'Pods'
        ➜ Explicit dependency on target 'Yoga' in project 'Pods'
        ➜ Explicit dependency on target 'boost' in project 'Pods'
        ➜ Explicit dependency on target 'fast_float' in project 'Pods'
        ➜ Explicit dependency on target 'fmt' in project 'Pods'
        ➜ Explicit dependency on target 'glog' in project 'Pods'
        ➜ Explicit dependency on target 'hermes-engine' in project 'Pods'
    Target 'react-native-view-shot' in project 'Pods'
        ➜ Explicit dependency on target 'DoubleConversion' in project 'Pods'
        ➜ Explicit dependency on target 'RCT-Folly' in project 'Pods'
        ➜ Explicit dependency on target 'RCTRequired' in project 'Pods'
        ➜ Explicit dependency on target 'RCTTypeSafety' in project 'Pods'
        ➜ Explicit dependency on target 'React-Core' in project 'Pods'
        ➜ Explicit dependency on target 'React-Fabric' in project 'Pods'
        ➜ Explicit dependency on target 'React-ImageManager' in project 'Pods'
        ➜ Explicit dependency on target 'React-NativeModulesApple' in project 'Pods'
        ➜ Explicit dependency on target 'React-RCTFabric' in project 'Pods'
        ➜ Explicit dependency on target 'React-debug' in project 'Pods'
        ➜ Explicit dependency on target 'React-featureflags' in project 'Pods'
        ➜ Explicit dependency on target 'React-graphics' in project 'Pods'
        ➜ Explicit dependency on target 'React-hermes' in project 'Pods'
        ➜ Explicit dependency on target 'React-jsi' in project 'Pods'
        ➜ Explicit dependency on target 'React-renderercss' in project 'Pods'
        ➜ Explicit dependency on target 'React-rendererdebug' in project 'Pods'
        ➜ Explicit dependency on target 'React-utils' in project 'Pods'
        ➜ Explicit dependency on target 'ReactCodegen' in project 'Pods'
        ➜ Explicit dependency on target 'ReactCommon' in project 'Pods'
        ➜ Explicit dependency on target 'SocketRocket' in project 'Pods'
        ➜ Explicit dependency on target 'Yoga' in project 'Pods'
        ➜ Explicit dependency on target 'boost' in project 'Pods'
        ➜ Explicit dependency on target 'fast_float' in project 'Pods'
        ➜ Explicit dependency on target 'fmt' in project 'Pods'
        ➜ Explicit dependency on target 'glog' in project 'Pods'
        ➜ Explicit dependency on target 'hermes-engine' in project 'Pods'
    Target 'react-native-safe-area-context' in project 'Pods'
        ➜ Explicit dependency on target 'DoubleConversion' in project 'Pods'
        ➜ Explicit dependency on target 'RCT-Folly' in project 'Pods'
        ➜ Explicit dependency on target 'RCTRequired' in project 'Pods'
        ➜ Explicit dependency on target 'RCTTypeSafety' in project 'Pods'
        ➜ Explicit dependency on target 'React-Core' in project 'Pods'
        ➜ Explicit dependency on target 'React-Fabric' in project 'Pods'
        ➜ Explicit dependency on target 'React-ImageManager' in project 'Pods'
        ➜ Explicit dependency on target 'React-NativeModulesApple' in project 'Pods'
        ➜ Explicit dependency on target 'React-RCTFabric' in project 'Pods'
        ➜ Explicit dependency on target 'React-debug' in project 'Pods'
        ➜ Explicit dependency on target 'React-featureflags' in project 'Pods'
        ➜ Explicit dependency on target 'React-graphics' in project 'Pods'
        ➜ Explicit dependency on target 'React-hermes' in project 'Pods'
        ➜ Explicit dependency on target 'React-jsi' in project 'Pods'
        ➜ Explicit dependency on target 'React-renderercss' in project 'Pods'
        ➜ Explicit dependency on target 'React-rendererdebug' in project 'Pods'
        ➜ Explicit dependency on target 'React-utils' in project 'Pods'
        ➜ Explicit dependency on target 'ReactCodegen' in project 'Pods'
        ➜ Explicit dependency on target 'ReactCommon' in project 'Pods'
        ➜ Explicit dependency on target 'SocketRocket' in project 'Pods'
        ➜ Explicit dependency on target 'Yoga' in project 'Pods'
        ➜ Explicit dependency on target 'boost' in project 'Pods'
        ➜ Explicit dependency on target 'fast_float' in project 'Pods'
        ➜ Explicit dependency on target 'fmt' in project 'Pods'
        ➜ Explicit dependency on target 'glog' in project 'Pods'
        ➜ Explicit dependency on target 'hermes-engine' in project 'Pods'
    Target 'react-native-print' in project 'Pods'
        ➜ Explicit dependency on target 'React-Core' in project 'Pods'
    Target 'react-native-pager-view' in project 'Pods'
        ➜ Explicit dependency on target 'DoubleConversion' in project 'Pods'
        ➜ Explicit dependency on target 'RCT-Folly' in project 'Pods'
        ➜ Explicit dependency on target 'RCTRequired' in project 'Pods'
        ➜ Explicit dependency on target 'RCTTypeSafety' in project 'Pods'
        ➜ Explicit dependency on target 'React-Core' in project 'Pods'
        ➜ Explicit dependency on target 'React-Fabric' in project 'Pods'
        ➜ Explicit dependency on target 'React-ImageManager' in project 'Pods'
        ➜ Explicit dependency on target 'React-NativeModulesApple' in project 'Pods'
        ➜ Explicit dependency on target 'React-RCTFabric' in project 'Pods'
        ➜ Explicit dependency on target 'React-debug' in project 'Pods'
        ➜ Explicit dependency on target 'React-featureflags' in project 'Pods'
        ➜ Explicit dependency on target 'React-graphics' in project 'Pods'
        ➜ Explicit dependency on target 'React-hermes' in project 'Pods'
        ➜ Explicit dependency on target 'React-jsi' in project 'Pods'
        ➜ Explicit dependency on target 'React-renderercss' in project 'Pods'
        ➜ Explicit dependency on target 'React-rendererdebug' in project 'Pods'
        ➜ Explicit dependency on target 'React-utils' in project 'Pods'
        ➜ Explicit dependency on target 'ReactCodegen' in project 'Pods'
        ➜ Explicit dependency on target 'ReactCommon' in project 'Pods'
        ➜ Explicit dependency on target 'SocketRocket' in project 'Pods'
        ➜ Explicit dependency on target 'Yoga' in project 'Pods'
        ➜ Explicit dependency on target 'boost' in project 'Pods'
        ➜ Explicit dependency on target 'fast_float' in project 'Pods'
        ➜ Explicit dependency on target 'fmt' in project 'Pods'
        ➜ Explicit dependency on target 'glog' in project 'Pods'
        ➜ Explicit dependency on target 'hermes-engine' in project 'Pods'
    Target 'react-native-maps' in project 'Pods'
        ➜ Explicit dependency on target 'DoubleConversion' in project 'Pods'
        ➜ Explicit dependency on target 'RCT-Folly' in project 'Pods'
        ➜ Explicit dependency on target 'RCTRequired' in project 'Pods'
        ➜ Explicit dependency on target 'RCTTypeSafety' in project 'Pods'
        ➜ Explicit dependency on target 'React-Core' in project 'Pods'
        ➜ Explicit dependency on target 'React-Fabric' in project 'Pods'
        ➜ Explicit dependency on target 'React-ImageManager' in project 'Pods'
        ➜ Explicit dependency on target 'React-NativeModulesApple' in project 'Pods'
        ➜ Explicit dependency on target 'React-RCTFabric' in project 'Pods'
        ➜ Explicit dependency on target 'React-debug' in project 'Pods'
        ➜ Explicit dependency on target 'React-featureflags' in project 'Pods'
        ➜ Explicit dependency on target 'React-graphics' in project 'Pods'
        ➜ Explicit dependency on target 'React-hermes' in project 'Pods'
        ➜ Explicit dependency on target 'React-jsi' in project 'Pods'
        ➜ Explicit dependency on target 'React-renderercss' in project 'Pods'
        ➜ Explicit dependency on target 'React-rendererdebug' in project 'Pods'
        ➜ Explicit dependency on target 'React-utils' in project 'Pods'
        ➜ Explicit dependency on target 'ReactCodegen' in project 'Pods'
        ➜ Explicit dependency on target 'ReactCommon' in project 'Pods'
        ➜ Explicit dependency on target 'SocketRocket' in project 'Pods'
        ➜ Explicit dependency on target 'Yoga' in project 'Pods'
        ➜ Explicit dependency on target 'boost' in project 'Pods'
        ➜ Explicit dependency on target 'fast_float' in project 'Pods'
        ➜ Explicit dependency on target 'fmt' in project 'Pods'
        ➜ Explicit dependency on target 'glog' in project 'Pods'
        ➜ Explicit dependency on target 'hermes-engine' in project 'Pods'
    Target 'react-native-geolocation-service' in project 'Pods'
        ➜ Explicit dependency on target 'React' in project 'Pods'
    Target 'ReactAppDependencyProvider' in project 'Pods'
        ➜ Explicit dependency on target 'ReactCodegen' in project 'Pods'
    Target 'React-rncore' in project 'Pods' (no dependencies)
    Target 'React' in project 'Pods'
        ➜ Explicit dependency on target 'React-Core' in project 'Pods'
        ➜ Explicit dependency on target 'React-RCTActionSheet' in project 'Pods'
        ➜ Explicit dependency on target 'React-RCTAnimation' in project 'Pods'
        ➜ Explicit dependency on target 'React-RCTBlob' in project 'Pods'
        ➜ Explicit dependency on target 'React-RCTImage' in project 'Pods'
        ➜ Explicit dependency on target 'React-RCTLinking' in project 'Pods'
        ➜ Explicit dependency on target 'React-RCTNetwork' in project 'Pods'
        ➜ Explicit dependency on target 'React-RCTSettings' in project 'Pods'
        ➜ Explicit dependency on target 'React-RCTText' in project 'Pods'
        ➜ Explicit dependency on target 'React-RCTVibration' in project 'Pods'
    Target 'React-RCTVibration' in project 'Pods'
        ➜ Explicit dependency on target 'DoubleConversion' in project 'Pods'
        ➜ Explicit dependency on target 'RCT-Folly' in project 'Pods'
        ➜ Explicit dependency on target 'React-Core' in project 'Pods'
        ➜ Explicit dependency on target 'React-NativeModulesApple' in project 'Pods'
        ➜ Explicit dependency on target 'React-RCTFBReactNativeSpec' in project 'Pods'
        ➜ Explicit dependency on target 'React-jsi' in project 'Pods'
        ➜ Explicit dependency on target 'ReactCommon' in project 'Pods'
        ➜ Explicit dependency on target 'SocketRocket' in project 'Pods'
        ➜ Explicit dependency on target 'boost' in project 'Pods'
        ➜ Explicit dependency on target 'fast_float' in project 'Pods'
        ➜ Explicit dependency on target 'fmt' in project 'Pods'
        ➜ Explicit dependency on target 'glog' in project 'Pods'
    Target 'React-RCTSettings' in project 'Pods'
        ➜ Explicit dependency on target 'DoubleConversion' in project 'Pods'
        ➜ Explicit dependency on target 'RCT-Folly' in project 'Pods'
        ➜ Explicit dependency on target 'RCTTypeSafety' in project 'Pods'
        ➜ Explicit dependency on target 'React-Core' in project 'Pods'
        ➜ Explicit dependency on target 'React-NativeModulesApple' in project 'Pods'
        ➜ Explicit dependency on target 'React-RCTFBReactNativeSpec' in project 'Pods'
        ➜ Explicit dependency on target 'React-jsi' in project 'Pods'
        ➜ Explicit dependency on target 'ReactCommon' in project 'Pods'
        ➜ Explicit dependency on target 'SocketRocket' in project 'Pods'
        ➜ Explicit dependency on target 'boost' in project 'Pods'
        ➜ Explicit dependency on target 'fast_float' in project 'Pods'
        ➜ Explicit dependency on target 'fmt' in project 'Pods'
        ➜ Explicit dependency on target 'glog' in project 'Pods'
    Target 'React-RCTLinking' in project 'Pods'
        ➜ Explicit dependency on target 'React-Core' in project 'Pods'
        ➜ Explicit dependency on target 'React-NativeModulesApple' in project 'Pods'
        ➜ Explicit dependency on target 'React-RCTFBReactNativeSpec' in project 'Pods'
        ➜ Explicit dependency on target 'React-jsi' in project 'Pods'
        ➜ Explicit dependency on target 'ReactCommon' in project 'Pods'
    Target 'React-RCTActionSheet' in project 'Pods'
        ➜ Explicit dependency on target 'React-Core' in project 'Pods'
    Target 'RNVectorIcons' in project 'Pods'
        ➜ Explicit dependency on target 'DoubleConversion' in project 'Pods'
        ➜ Explicit dependency on target 'RCT-Folly' in project 'Pods'
        ➜ Explicit dependency on target 'RCTRequired' in project 'Pods'
        ➜ Explicit dependency on target 'RCTTypeSafety' in project 'Pods'
        ➜ Explicit dependency on target 'React-Core' in project 'Pods'
        ➜ Explicit dependency on target 'React-Fabric' in project 'Pods'
        ➜ Explicit dependency on target 'React-ImageManager' in project 'Pods'
        ➜ Explicit dependency on target 'React-NativeModulesApple' in project 'Pods'
        ➜ Explicit dependency on target 'React-RCTFabric' in project 'Pods'
        ➜ Explicit dependency on target 'React-debug' in project 'Pods'
        ➜ Explicit dependency on target 'React-featureflags' in project 'Pods'
        ➜ Explicit dependency on target 'React-graphics' in project 'Pods'
        ➜ Explicit dependency on target 'React-hermes' in project 'Pods'
        ➜ Explicit dependency on target 'React-jsi' in project 'Pods'
        ➜ Explicit dependency on target 'React-renderercss' in project 'Pods'
        ➜ Explicit dependency on target 'React-rendererdebug' in project 'Pods'
        ➜ Explicit dependency on target 'React-utils' in project 'Pods'
        ➜ Explicit dependency on target 'ReactCodegen' in project 'Pods'
        ➜ Explicit dependency on target 'ReactCommon' in project 'Pods'
        ➜ Explicit dependency on target 'SocketRocket' in project 'Pods'
        ➜ Explicit dependency on target 'Yoga' in project 'Pods'
        ➜ Explicit dependency on target 'boost' in project 'Pods'
        ➜ Explicit dependency on target 'fast_float' in project 'Pods'
        ➜ Explicit dependency on target 'fmt' in project 'Pods'
        ➜ Explicit dependency on target 'glog' in project 'Pods'
        ➜ Explicit dependency on target 'hermes-engine' in project 'Pods'
    Target 'RNShare' in project 'Pods'
        ➜ Explicit dependency on target 'DoubleConversion' in project 'Pods'
        ➜ Explicit dependency on target 'RCT-Folly' in project 'Pods'
        ➜ Explicit dependency on target 'RCTRequired' in project 'Pods'
        ➜ Explicit dependency on target 'RCTTypeSafety' in project 'Pods'
        ➜ Explicit dependency on target 'React-Core' in project 'Pods'
        ➜ Explicit dependency on target 'React-Fabric' in project 'Pods'
        ➜ Explicit dependency on target 'React-ImageManager' in project 'Pods'
        ➜ Explicit dependency on target 'React-NativeModulesApple' in project 'Pods'
        ➜ Explicit dependency on target 'React-RCTFabric' in project 'Pods'
        ➜ Explicit dependency on target 'React-debug' in project 'Pods'
        ➜ Explicit dependency on target 'React-featureflags' in project 'Pods'
        ➜ Explicit dependency on target 'React-graphics' in project 'Pods'
        ➜ Explicit dependency on target 'React-hermes' in project 'Pods'
        ➜ Explicit dependency on target 'React-jsi' in project 'Pods'
        ➜ Explicit dependency on target 'React-renderercss' in project 'Pods'
        ➜ Explicit dependency on target 'React-rendererdebug' in project 'Pods'
        ➜ Explicit dependency on target 'React-utils' in project 'Pods'
        ➜ Explicit dependency on target 'ReactCodegen' in project 'Pods'
        ➜ Explicit dependency on target 'ReactCommon' in project 'Pods'
        ➜ Explicit dependency on target 'SocketRocket' in project 'Pods'
        ➜ Explicit dependency on target 'Yoga' in project 'Pods'
        ➜ Explicit dependency on target 'boost' in project 'Pods'
        ➜ Explicit dependency on target 'fast_float' in project 'Pods'
        ➜ Explicit dependency on target 'fmt' in project 'Pods'
        ➜ Explicit dependency on target 'glog' in project 'Pods'
        ➜ Explicit dependency on target 'hermes-engine' in project 'Pods'
    Target 'RNScreens' in project 'Pods'
        ➜ Explicit dependency on target 'DoubleConversion' in project 'Pods'
        ➜ Explicit dependency on target 'RCT-Folly' in project 'Pods'
        ➜ Explicit dependency on target 'RCTRequired' in project 'Pods'
        ➜ Explicit dependency on target 'RCTTypeSafety' in project 'Pods'
        ➜ Explicit dependency on target 'React-Core' in project 'Pods'
        ➜ Explicit dependency on target 'React-Fabric' in project 'Pods'
        ➜ Explicit dependency on target 'React-ImageManager' in project 'Pods'
        ➜ Explicit dependency on target 'React-NativeModulesApple' in project 'Pods'
        ➜ Explicit dependency on target 'React-RCTFabric' in project 'Pods'
        ➜ Explicit dependency on target 'React-RCTImage' in project 'Pods'
        ➜ Explicit dependency on target 'React-debug' in project 'Pods'
        ➜ Explicit dependency on target 'React-featureflags' in project 'Pods'
        ➜ Explicit dependency on target 'React-graphics' in project 'Pods'
        ➜ Explicit dependency on target 'React-hermes' in project 'Pods'
        ➜ Explicit dependency on target 'React-jsi' in project 'Pods'
        ➜ Explicit dependency on target 'React-renderercss' in project 'Pods'
        ➜ Explicit dependency on target 'React-rendererdebug' in project 'Pods'
        ➜ Explicit dependency on target 'React-utils' in project 'Pods'
        ➜ Explicit dependency on target 'ReactCodegen' in project 'Pods'
        ➜ Explicit dependency on target 'ReactCommon' in project 'Pods'
        ➜ Explicit dependency on target 'SocketRocket' in project 'Pods'
        ➜ Explicit dependency on target 'Yoga' in project 'Pods'
        ➜ Explicit dependency on target 'boost' in project 'Pods'
        ➜ Explicit dependency on target 'fast_float' in project 'Pods'
        ➜ Explicit dependency on target 'fmt' in project 'Pods'
        ➜ Explicit dependency on target 'glog' in project 'Pods'
        ➜ Explicit dependency on target 'hermes-engine' in project 'Pods'
    Target 'RNReanimated' in project 'Pods'
        ➜ Explicit dependency on target 'DoubleConversion' in project 'Pods'
        ➜ Explicit dependency on target 'RCT-Folly' in project 'Pods'
        ➜ Explicit dependency on target 'RCTRequired' in project 'Pods'
        ➜ Explicit dependency on target 'RCTTypeSafety' in project 'Pods'
        ➜ Explicit dependency on target 'React-Core' in project 'Pods'
        ➜ Explicit dependency on target 'React-Fabric' in project 'Pods'
        ➜ Explicit dependency on target 'React-ImageManager' in project 'Pods'
        ➜ Explicit dependency on target 'React-NativeModulesApple' in project 'Pods'
        ➜ Explicit dependency on target 'React-RCTFabric' in project 'Pods'
        ➜ Explicit dependency on target 'React-debug' in project 'Pods'
        ➜ Explicit dependency on target 'React-featureflags' in project 'Pods'
        ➜ Explicit dependency on target 'React-graphics' in project 'Pods'
        ➜ Explicit dependency on target 'React-hermes' in project 'Pods'
        ➜ Explicit dependency on target 'React-jsi' in project 'Pods'
        ➜ Explicit dependency on target 'React-renderercss' in project 'Pods'
        ➜ Explicit dependency on target 'React-rendererdebug' in project 'Pods'
        ➜ Explicit dependency on target 'React-utils' in project 'Pods'
        ➜ Explicit dependency on target 'ReactCodegen' in project 'Pods'
        ➜ Explicit dependency on target 'ReactCommon' in project 'Pods'
        ➜ Explicit dependency on target 'SocketRocket' in project 'Pods'
        ➜ Explicit dependency on target 'Yoga' in project 'Pods'
        ➜ Explicit dependency on target 'boost' in project 'Pods'
        ➜ Explicit dependency on target 'fast_float' in project 'Pods'
        ➜ Explicit dependency on target 'fmt' in project 'Pods'
        ➜ Explicit dependency on target 'glog' in project 'Pods'
        ➜ Explicit dependency on target 'hermes-engine' in project 'Pods'
    Target 'RNPermissions' in project 'Pods'
        ➜ Explicit dependency on target 'DoubleConversion' in project 'Pods'
        ➜ Explicit dependency on target 'RCT-Folly' in project 'Pods'
        ➜ Explicit dependency on target 'RCTRequired' in project 'Pods'
        ➜ Explicit dependency on target 'RCTTypeSafety' in project 'Pods'
        ➜ Explicit dependency on target 'RNPermissions-RNPermissionsPrivacyInfo' in project 'Pods'
        ➜ Explicit dependency on target 'React-Core' in project 'Pods'
        ➜ Explicit dependency on target 'React-Fabric' in project 'Pods'
        ➜ Explicit dependency on target 'React-ImageManager' in project 'Pods'
        ➜ Explicit dependency on target 'React-NativeModulesApple' in project 'Pods'
        ➜ Explicit dependency on target 'React-RCTFabric' in project 'Pods'
        ➜ Explicit dependency on target 'React-debug' in project 'Pods'
        ➜ Explicit dependency on target 'React-featureflags' in project 'Pods'
        ➜ Explicit dependency on target 'React-graphics' in project 'Pods'
        ➜ Explicit dependency on target 'React-hermes' in project 'Pods'
        ➜ Explicit dependency on target 'React-jsi' in project 'Pods'
        ➜ Explicit dependency on target 'React-renderercss' in project 'Pods'
        ➜ Explicit dependency on target 'React-rendererdebug' in project 'Pods'
        ➜ Explicit dependency on target 'React-utils' in project 'Pods'
        ➜ Explicit dependency on target 'ReactCodegen' in project 'Pods'
        ➜ Explicit dependency on target 'ReactCommon' in project 'Pods'
        ➜ Explicit dependency on target 'SocketRocket' in project 'Pods'
        ➜ Explicit dependency on target 'Yoga' in project 'Pods'
        ➜ Explicit dependency on target 'boost' in project 'Pods'
        ➜ Explicit dependency on target 'fast_float' in project 'Pods'
        ➜ Explicit dependency on target 'fmt' in project 'Pods'
        ➜ Explicit dependency on target 'glog' in project 'Pods'
        ➜ Explicit dependency on target 'hermes-engine' in project 'Pods'
    Target 'RNPermissions-RNPermissionsPrivacyInfo' in project 'Pods' (no dependencies)
    Target 'RNNotifee' in project 'Pods'
        ➜ Explicit dependency on target 'React-Core' in project 'Pods'
    Target 'RNKeychain' in project 'Pods'
        ➜ Explicit dependency on target 'DoubleConversion' in project 'Pods'
        ➜ Explicit dependency on target 'RCT-Folly' in project 'Pods'
        ➜ Explicit dependency on target 'RCTRequired' in project 'Pods'
        ➜ Explicit dependency on target 'RCTTypeSafety' in project 'Pods'
        ➜ Explicit dependency on target 'React-Core' in project 'Pods'
        ➜ Explicit dependency on target 'React-Fabric' in project 'Pods'
        ➜ Explicit dependency on target 'React-ImageManager' in project 'Pods'
        ➜ Explicit dependency on target 'React-NativeModulesApple' in project 'Pods'
        ➜ Explicit dependency on target 'React-RCTFabric' in project 'Pods'
        ➜ Explicit dependency on target 'React-debug' in project 'Pods'
        ➜ Explicit dependency on target 'React-featureflags' in project 'Pods'
        ➜ Explicit dependency on target 'React-graphics' in project 'Pods'
        ➜ Explicit dependency on target 'React-hermes' in project 'Pods'
        ➜ Explicit dependency on target 'React-jsi' in project 'Pods'
        ➜ Explicit dependency on target 'React-renderercss' in project 'Pods'
        ➜ Explicit dependency on target 'React-rendererdebug' in project 'Pods'
        ➜ Explicit dependency on target 'React-utils' in project 'Pods'
        ➜ Explicit dependency on target 'ReactCodegen' in project 'Pods'
        ➜ Explicit dependency on target 'ReactCommon' in project 'Pods'
        ➜ Explicit dependency on target 'SocketRocket' in project 'Pods'
        ➜ Explicit dependency on target 'Yoga' in project 'Pods'
        ➜ Explicit dependency on target 'boost' in project 'Pods'
        ➜ Explicit dependency on target 'fast_float' in project 'Pods'
        ➜ Explicit dependency on target 'fmt' in project 'Pods'
        ➜ Explicit dependency on target 'glog' in project 'Pods'
        ➜ Explicit dependency on target 'hermes-engine' in project 'Pods'
    Target 'RNGestureHandler' in project 'Pods'
        ➜ Explicit dependency on target 'DoubleConversion' in project 'Pods'
        ➜ Explicit dependency on target 'RCT-Folly' in project 'Pods'
        ➜ Explicit dependency on target 'RCTRequired' in project 'Pods'
        ➜ Explicit dependency on target 'RCTTypeSafety' in project 'Pods'
        ➜ Explicit dependency on target 'React-Core' in project 'Pods'
        ➜ Explicit dependency on target 'React-Fabric' in project 'Pods'
        ➜ Explicit dependency on target 'React-ImageManager' in project 'Pods'
        ➜ Explicit dependency on target 'React-NativeModulesApple' in project 'Pods'
        ➜ Explicit dependency on target 'React-RCTFabric' in project 'Pods'
        ➜ Explicit dependency on target 'React-debug' in project 'Pods'
        ➜ Explicit dependency on target 'React-featureflags' in project 'Pods'
        ➜ Explicit dependency on target 'React-graphics' in project 'Pods'
        ➜ Explicit dependency on target 'React-hermes' in project 'Pods'
        ➜ Explicit dependency on target 'React-jsi' in project 'Pods'
        ➜ Explicit dependency on target 'React-renderercss' in project 'Pods'
        ➜ Explicit dependency on target 'React-rendererdebug' in project 'Pods'
        ➜ Explicit dependency on target 'React-utils' in project 'Pods'
        ➜ Explicit dependency on target 'ReactCodegen' in project 'Pods'
        ➜ Explicit dependency on target 'ReactCommon' in project 'Pods'
        ➜ Explicit dependency on target 'SocketRocket' in project 'Pods'
        ➜ Explicit dependency on target 'Yoga' in project 'Pods'
        ➜ Explicit dependency on target 'boost' in project 'Pods'
        ➜ Explicit dependency on target 'fast_float' in project 'Pods'
        ➜ Explicit dependency on target 'fmt' in project 'Pods'
        ➜ Explicit dependency on target 'glog' in project 'Pods'
        ➜ Explicit dependency on target 'hermes-engine' in project 'Pods'
    Target 'RNFS' in project 'Pods'
        ➜ Explicit dependency on target 'React-Core' in project 'Pods'
    Target 'RNFBMessaging' in project 'Pods'
        ➜ Explicit dependency on target 'Firebase' in project 'Pods'
        ➜ Explicit dependency on target 'FirebaseCoreExtension' in project 'Pods'
        ➜ Explicit dependency on target 'RNFBApp' in project 'Pods'
        ➜ Explicit dependency on target 'React-Core' in project 'Pods'
    Target 'RNFBApp' in project 'Pods'
        ➜ Explicit dependency on target 'Firebase' in project 'Pods'
        ➜ Explicit dependency on target 'React-Core' in project 'Pods'
    Target 'RNDateTimePicker' in project 'Pods'
        ➜ Explicit dependency on target 'DoubleConversion' in project 'Pods'
        ➜ Explicit dependency on target 'RCT-Folly' in project 'Pods'
        ➜ Explicit dependency on target 'RCTRequired' in project 'Pods'
        ➜ Explicit dependency on target 'RCTTypeSafety' in project 'Pods'
        ➜ Explicit dependency on target 'React-Core' in project 'Pods'
        ➜ Explicit dependency on target 'React-Fabric' in project 'Pods'
        ➜ Explicit dependency on target 'React-ImageManager' in project 'Pods'
        ➜ Explicit dependency on target 'React-NativeModulesApple' in project 'Pods'
        ➜ Explicit dependency on target 'React-RCTFabric' in project 'Pods'
        ➜ Explicit dependency on target 'React-debug' in project 'Pods'
        ➜ Explicit dependency on target 'React-featureflags' in project 'Pods'
        ➜ Explicit dependency on target 'React-graphics' in project 'Pods'
        ➜ Explicit dependency on target 'React-hermes' in project 'Pods'
        ➜ Explicit dependency on target 'React-jsi' in project 'Pods'
        ➜ Explicit dependency on target 'React-renderercss' in project 'Pods'
        ➜ Explicit dependency on target 'React-rendererdebug' in project 'Pods'
        ➜ Explicit dependency on target 'React-utils' in project 'Pods'
        ➜ Explicit dependency on target 'ReactCodegen' in project 'Pods'
        ➜ Explicit dependency on target 'ReactCommon' in project 'Pods'
        ➜ Explicit dependency on target 'SocketRocket' in project 'Pods'
        ➜ Explicit dependency on target 'Yoga' in project 'Pods'
        ➜ Explicit dependency on target 'boost' in project 'Pods'
        ➜ Explicit dependency on target 'fast_float' in project 'Pods'
        ➜ Explicit dependency on target 'fmt' in project 'Pods'
        ➜ Explicit dependency on target 'glog' in project 'Pods'
        ➜ Explicit dependency on target 'hermes-engine' in project 'Pods'
    Target 'RNCPicker' in project 'Pods'
        ➜ Explicit dependency on target 'DoubleConversion' in project 'Pods'
        ➜ Explicit dependency on target 'RCT-Folly' in project 'Pods'
        ➜ Explicit dependency on target 'RCTRequired' in project 'Pods'
        ➜ Explicit dependency on target 'RCTTypeSafety' in project 'Pods'
        ➜ Explicit dependency on target 'React-Core' in project 'Pods'
        ➜ Explicit dependency on target 'React-Fabric' in project 'Pods'
        ➜ Explicit dependency on target 'React-ImageManager' in project 'Pods'
        ➜ Explicit dependency on target 'React-NativeModulesApple' in project 'Pods'
        ➜ Explicit dependency on target 'React-RCTFabric' in project 'Pods'
        ➜ Explicit dependency on target 'React-debug' in project 'Pods'
        ➜ Explicit dependency on target 'React-featureflags' in project 'Pods'
        ➜ Explicit dependency on target 'React-graphics' in project 'Pods'
        ➜ Explicit dependency on target 'React-hermes' in project 'Pods'
        ➜ Explicit dependency on target 'React-jsi' in project 'Pods'
        ➜ Explicit dependency on target 'React-renderercss' in project 'Pods'
        ➜ Explicit dependency on target 'React-rendererdebug' in project 'Pods'
        ➜ Explicit dependency on target 'React-utils' in project 'Pods'
        ➜ Explicit dependency on target 'ReactCodegen' in project 'Pods'
        ➜ Explicit dependency on target 'ReactCommon' in project 'Pods'
        ➜ Explicit dependency on target 'SocketRocket' in project 'Pods'
        ➜ Explicit dependency on target 'Yoga' in project 'Pods'
        ➜ Explicit dependency on target 'boost' in project 'Pods'
        ➜ Explicit dependency on target 'fast_float' in project 'Pods'
        ➜ Explicit dependency on target 'fmt' in project 'Pods'
        ➜ Explicit dependency on target 'glog' in project 'Pods'
        ➜ Explicit dependency on target 'hermes-engine' in project 'Pods'
    Target 'RNCAsyncStorage' in project 'Pods'
        ➜ Explicit dependency on target 'DoubleConversion' in project 'Pods'
        ➜ Explicit dependency on target 'RCT-Folly' in project 'Pods'
        ➜ Explicit dependency on target 'RCTRequired' in project 'Pods'
        ➜ Explicit dependency on target 'RCTTypeSafety' in project 'Pods'
        ➜ Explicit dependency on target 'RNCAsyncStorage-RNCAsyncStorage_resources' in project 'Pods'
        ➜ Explicit dependency on target 'React-Core' in project 'Pods'
        ➜ Explicit dependency on target 'React-Fabric' in project 'Pods'
        ➜ Explicit dependency on target 'React-ImageManager' in project 'Pods'
        ➜ Explicit dependency on target 'React-NativeModulesApple' in project 'Pods'
        ➜ Explicit dependency on target 'React-RCTFabric' in project 'Pods'
        ➜ Explicit dependency on target 'React-debug' in project 'Pods'
        ➜ Explicit dependency on target 'React-featureflags' in project 'Pods'
        ➜ Explicit dependency on target 'React-graphics' in project 'Pods'
        ➜ Explicit dependency on target 'React-hermes' in project 'Pods'
        ➜ Explicit dependency on target 'React-jsi' in project 'Pods'
        ➜ Explicit dependency on target 'React-renderercss' in project 'Pods'
        ➜ Explicit dependency on target 'React-rendererdebug' in project 'Pods'
        ➜ Explicit dependency on target 'React-utils' in project 'Pods'
        ➜ Explicit dependency on target 'ReactCodegen' in project 'Pods'
        ➜ Explicit dependency on target 'ReactCommon' in project 'Pods'
        ➜ Explicit dependency on target 'SocketRocket' in project 'Pods'
        ➜ Explicit dependency on target 'Yoga' in project 'Pods'
        ➜ Explicit dependency on target 'boost' in project 'Pods'
        ➜ Explicit dependency on target 'fast_float' in project 'Pods'
        ➜ Explicit dependency on target 'fmt' in project 'Pods'
        ➜ Explicit dependency on target 'glog' in project 'Pods'
        ➜ Explicit dependency on target 'hermes-engine' in project 'Pods'
    Target 'RNCAsyncStorage-RNCAsyncStorage_resources' in project 'Pods' (no dependencies)
    Target 'NitroModules' in project 'Pods'
        ➜ Explicit dependency on target 'DoubleConversion' in project 'Pods'
        ➜ Explicit dependency on target 'RCT-Folly' in project 'Pods'
        ➜ Explicit dependency on target 'RCTRequired' in project 'Pods'
        ➜ Explicit dependency on target 'RCTTypeSafety' in project 'Pods'
        ➜ Explicit dependency on target 'React-Core' in project 'Pods'
        ➜ Explicit dependency on target 'React-Fabric' in project 'Pods'
        ➜ Explicit dependency on target 'React-ImageManager' in project 'Pods'
        ➜ Explicit dependency on target 'React-NativeModulesApple' in project 'Pods'
        ➜ Explicit dependency on target 'React-RCTFabric' in project 'Pods'
        ➜ Explicit dependency on target 'React-callinvoker' in project 'Pods'
        ➜ Explicit dependency on target 'React-debug' in project 'Pods'
        ➜ Explicit dependency on target 'React-featureflags' in project 'Pods'
        ➜ Explicit dependency on target 'React-graphics' in project 'Pods'
        ➜ Explicit dependency on target 'React-hermes' in project 'Pods'
        ➜ Explicit dependency on target 'React-jsi' in project 'Pods'
        ➜ Explicit dependency on target 'React-renderercss' in project 'Pods'
        ➜ Explicit dependency on target 'React-rendererdebug' in project 'Pods'
        ➜ Explicit dependency on target 'React-utils' in project 'Pods'
        ➜ Explicit dependency on target 'ReactCodegen' in project 'Pods'
        ➜ Explicit dependency on target 'ReactCommon' in project 'Pods'
        ➜ Explicit dependency on target 'SocketRocket' in project 'Pods'
        ➜ Explicit dependency on target 'Yoga' in project 'Pods'
        ➜ Explicit dependency on target 'boost' in project 'Pods'
        ➜ Explicit dependency on target 'fast_float' in project 'Pods'
        ➜ Explicit dependency on target 'fmt' in project 'Pods'
        ➜ Explicit dependency on target 'glog' in project 'Pods'
        ➜ Explicit dependency on target 'hermes-engine' in project 'Pods'
    Target 'HtmlToPdf' in project 'Pods'
        ➜ Explicit dependency on target 'DoubleConversion' in project 'Pods'
        ➜ Explicit dependency on target 'RCT-Folly' in project 'Pods'
        ➜ Explicit dependency on target 'RCTRequired' in project 'Pods'
        ➜ Explicit dependency on target 'RCTTypeSafety' in project 'Pods'
        ➜ Explicit dependency on target 'React-Core' in project 'Pods'
        ➜ Explicit dependency on target 'React-Fabric' in project 'Pods'
        ➜ Explicit dependency on target 'React-ImageManager' in project 'Pods'
        ➜ Explicit dependency on target 'React-NativeModulesApple' in project 'Pods'
        ➜ Explicit dependency on target 'React-RCTFabric' in project 'Pods'
        ➜ Explicit dependency on target 'React-debug' in project 'Pods'
        ➜ Explicit dependency on target 'React-featureflags' in project 'Pods'
        ➜ Explicit dependency on target 'React-graphics' in project 'Pods'
        ➜ Explicit dependency on target 'React-hermes' in project 'Pods'
        ➜ Explicit dependency on target 'React-jsi' in project 'Pods'
        ➜ Explicit dependency on target 'React-renderercss' in project 'Pods'
        ➜ Explicit dependency on target 'React-rendererdebug' in project 'Pods'
        ➜ Explicit dependency on target 'React-utils' in project 'Pods'
        ➜ Explicit dependency on target 'ReactCodegen' in project 'Pods'
        ➜ Explicit dependency on target 'ReactCommon' in project 'Pods'
        ➜ Explicit dependency on target 'SocketRocket' in project 'Pods'
        ➜ Explicit dependency on target 'Yoga' in project 'Pods'
        ➜ Explicit dependency on target 'boost' in project 'Pods'
        ➜ Explicit dependency on target 'fast_float' in project 'Pods'
        ➜ Explicit dependency on target 'fmt' in project 'Pods'
        ➜ Explicit dependency on target 'glog' in project 'Pods'
        ➜ Explicit dependency on target 'hermes-engine' in project 'Pods'
    Target 'ReactCodegen' in project 'Pods'
        ➜ Explicit dependency on target 'DoubleConversion' in project 'Pods'
        ➜ Explicit dependency on target 'RCT-Folly' in project 'Pods'
        ➜ Explicit dependency on target 'RCTRequired' in project 'Pods'
        ➜ Explicit dependency on target 'RCTTypeSafety' in project 'Pods'
        ➜ Explicit dependency on target 'React-Core' in project 'Pods'
        ➜ Explicit dependency on target 'React-Fabric' in project 'Pods'
        ➜ Explicit dependency on target 'React-FabricImage' in project 'Pods'
        ➜ Explicit dependency on target 'React-NativeModulesApple' in project 'Pods'
        ➜ Explicit dependency on target 'React-RCTAppDelegate' in project 'Pods'
        ➜ Explicit dependency on target 'React-debug' in project 'Pods'
        ➜ Explicit dependency on target 'React-featureflags' in project 'Pods'
        ➜ Explicit dependency on target 'React-graphics' in project 'Pods'
        ➜ Explicit dependency on target 'React-hermes' in project 'Pods'
        ➜ Explicit dependency on target 'React-jsi' in project 'Pods'
        ➜ Explicit dependency on target 'React-jsiexecutor' in project 'Pods'
        ➜ Explicit dependency on target 'React-rendererdebug' in project 'Pods'
        ➜ Explicit dependency on target 'React-utils' in project 'Pods'
        ➜ Explicit dependency on target 'ReactCommon' in project 'Pods'
        ➜ Explicit dependency on target 'SocketRocket' in project 'Pods'
        ➜ Explicit dependency on target 'boost' in project 'Pods'
        ➜ Explicit dependency on target 'fast_float' in project 'Pods'
        ➜ Explicit dependency on target 'fmt' in project 'Pods'
        ➜ Explicit dependency on target 'glog' in project 'Pods'
        ➜ Explicit dependency on target 'hermes-engine' in project 'Pods'
    Target 'React-RCTAppDelegate' in project 'Pods'
        ➜ Explicit dependency on target 'DoubleConversion' in project 'Pods'
        ➜ Explicit dependency on target 'RCT-Folly' in project 'Pods'
        ➜ Explicit dependency on target 'RCTRequired' in project 'Pods'
        ➜ Explicit dependency on target 'RCTTypeSafety' in project 'Pods'
        ➜ Explicit dependency on target 'React-Core' in project 'Pods'
        ➜ Explicit dependency on target 'React-CoreModules' in project 'Pods'
        ➜ Explicit dependency on target 'React-Fabric' in project 'Pods'
        ➜ Explicit dependency on target 'React-NativeModulesApple' in project 'Pods'
        ➜ Explicit dependency on target 'React-RCTFBReactNativeSpec' in project 'Pods'
        ➜ Explicit dependency on target 'React-RCTFabric' in project 'Pods'
        ➜ Explicit dependency on target 'React-RCTImage' in project 'Pods'
        ➜ Explicit dependency on target 'React-RCTNetwork' in project 'Pods'
        ➜ Explicit dependency on target 'React-RCTRuntime' in project 'Pods'
        ➜ Explicit dependency on target 'React-RuntimeApple' in project 'Pods'
        ➜ Explicit dependency on target 'React-RuntimeCore' in project 'Pods'
        ➜ Explicit dependency on target 'React-debug' in project 'Pods'
        ➜ Explicit dependency on target 'React-defaultsnativemodule' in project 'Pods'
        ➜ Explicit dependency on target 'React-featureflags' in project 'Pods'
        ➜ Explicit dependency on target 'React-graphics' in project 'Pods'
        ➜ Explicit dependency on target 'React-hermes' in project 'Pods'
        ➜ Explicit dependency on target 'React-jsitooling' in project 'Pods'
        ➜ Explicit dependency on target 'React-rendererdebug' in project 'Pods'
        ➜ Explicit dependency on target 'React-runtimescheduler' in project 'Pods'
        ➜ Explicit dependency on target 'React-utils' in project 'Pods'
        ➜ Explicit dependency on target 'ReactCommon' in project 'Pods'
        ➜ Explicit dependency on target 'SocketRocket' in project 'Pods'
        ➜ Explicit dependency on target 'boost' in project 'Pods'
        ➜ Explicit dependency on target 'fast_float' in project 'Pods'
        ➜ Explicit dependency on t
debug arget 'fmt' in project 'Pods'
        ➜ Explicit dependency on target 'glog' in project 'Pods'
        ➜ Explicit dependency on target 'hermes-engine' in project 'Pods'
    Target 'React-defaultsnativemodule' in project 'Pods'
        ➜ Explicit dependency on target 'DoubleConversion' in project 'Pods'
        ➜ Explicit dependency on target 'RCT-Folly' in project 'Pods'
        ➜ Explicit dependency on target 'React-RCTFBReactNativeSpec' in project 'Pods'
        ➜ Explicit dependency on target 'React-domnativemodule' in project 'Pods'
        ➜ Explicit dependency on target 'React-featureflagsnativemodule' in project 'Pods'
        ➜ Explicit dependency on target 'React-hermes' in project 'Pods'
        ➜ Explicit dependency on target 'React-idlecallbacksnativemodule' in project 'Pods'
        ➜ Explicit dependency on target 'React-jsi' in project 'Pods'
        ➜ Explicit dependency on target 'React-jsiexecutor' in project 'Pods'
        ➜ Explicit dependency on target 'React-microtasksnativemodule' in project 'Pods'
        ➜ Explicit dependency on target 'SocketRocket' in project 'Pods'
        ➜ Explicit dependency on target 'boost' in project 'Pods'
        ➜ Explicit dependency on target 'fast_float' in project 'Pods'
        ➜ Explicit dependency on target 'fmt' in project 'Pods'
        ➜ Explicit dependency on target 'glog' in project 'Pods'
        ➜ Explicit dependency on target 'hermes-engine' in project 'Pods'
    Target 'React-microtasksnativemodule' in project 'Pods'
        ➜ Explicit dependency on target 'DoubleConversion' in project 'Pods'
        ➜ Explicit dependency on target 'RCT-Folly' in project 'Pods'
        ➜ Explicit dependency on target 'React-RCTFBReactNativeSpec' in project 'Pods'
        ➜ Explicit dependency on target 'React-hermes' in project 'Pods'
        ➜ Explicit dependency on target 'React-jsi' in project 'Pods'
        ➜ Explicit dependency on target 'React-jsiexecutor' in project 'Pods'
        ➜ Explicit dependency on target 'ReactCommon' in project 'Pods'
        ➜ Explicit dependency on target 'SocketRocket' in project 'Pods'
        ➜ Explicit dependency on target 'boost' in project 'Pods'
        ➜ Explicit dependency on target 'fast_float' in project 'Pods'
        ➜ Explicit dependency on target 'fmt' in project 'Pods'
        ➜ Explicit dependency on target 'glog' in project 'Pods'
        ➜ Explicit dependency on target 'hermes-engine' in project 'Pods'
    Target 'React-idlecallbacksnativemodule' in project 'Pods'
        ➜ Explicit dependency on target 'DoubleConversion' in project 'Pods'
        ➜ Explicit dependency on target 'RCT-Folly' in project 'Pods'
        ➜ Explicit dependency on target 'React-RCTFBReactNativeSpec' in project 'Pods'
        ➜ Explicit dependency on target 'React-hermes' in project 'Pods'
        ➜ Explicit dependency on target 'React-jsi' in project 'Pods'
        ➜ Explicit dependency on target 'React-jsiexecutor' in project 'Pods'
        ➜ Explicit dependency on target 'React-runtimescheduler' in project 'Pods'
        ➜ Explicit dependency on target 'ReactCommon' in project 'Pods'
        ➜ Explicit dependency on target 'SocketRocket' in project 'Pods'
        ➜ Explicit dependency on target 'boost' in project 'Pods'
        ➜ Explicit dependency on target 'fast_float' in project 'Pods'
        ➜ Explicit dependency on target 'fmt' in project 'Pods'
        ➜ Explicit dependency on target 'glog' in project 'Pods'
        ➜ Explicit dependency on target 'hermes-engine' in project 'Pods'
    Target 'React-featureflagsnativemodule' in project 'Pods'
        ➜ Explicit dependency on target 'DoubleConversion' in project 'Pods'
        ➜ Explicit dependency on target 'RCT-Folly' in project 'Pods'
        ➜ Explicit dependency on target 'React-RCTFBReactNativeSpec' in project 'Pods'
        ➜ Explicit dependency on target 'React-featureflags' in project 'Pods'
        ➜ Explicit dependency on target 'React-hermes' in project 'Pods'
        ➜ Explicit dependency on target 'React-jsi' in project 'Pods'
        ➜ Explicit dependency on target 'React-jsiexecutor' in project 'Pods'
        ➜ Explicit dependency on target 'ReactCommon' in project 'Pods'
        ➜ Explicit dependency on target 'SocketRocket' in project 'Pods'
        ➜ Explicit dependency on target 'boost' in project 'Pods'
        ➜ Explicit dependency on target 'fast_float' in project 'Pods'
        ➜ Explicit dependency on target 'fmt' in project 'Pods'
        ➜ Explicit dependency on target 'glog' in project 'Pods'
        ➜ Explicit dependency on target 'hermes-engine' in project 'Pods'
    Target 'React-domnativemodule' in project 'Pods'
        ➜ Explicit dependency on target 'DoubleConversion' in project 'Pods'
        ➜ Explicit dependency on target 'RCT-Folly' in project 'Pods'
        ➜ Explicit dependency on target 'React-Fabric' in project 'Pods'
        ➜ Explicit dependency on target 'React-FabricComponents' in project 'Pods'
        ➜ Explicit dependency on target 'React-RCTFBReactNativeSpec' in project 'Pods'
        ➜ Explicit dependency on target 'React-graphics' in project 'Pods'
        ➜ Explicit dependency on target 'React-hermes' in project 'Pods'
        ➜ Explicit dependency on target 'React-jsi' in project 'Pods'
        ➜ Explicit dependency on target 'React-jsiexecutor' in project 'Pods'
        ➜ Explicit dependency on target 'ReactCommon' in project 'Pods'
        ➜ Explicit dependency on target 'SocketRocket' in project 'Pods'
        ➜ Explicit dependency on target 'Yoga' in project 'Pods'
        ➜ Explicit dependency on target 'boost' in project 'Pods'
        ➜ Explicit dependency on target 'fast_float' in project 'Pods'
        ➜ Explicit dependency on target 'fmt' in project 'Pods'
        ➜ Explicit dependency on target 'glog' in project 'Pods'
        ➜ Explicit dependency on target 'hermes-engine' in project 'Pods'
    Target 'React-RCTRuntime' in project 'Pods'
        ➜ Explicit dependency on target 'DoubleConversion' in project 'Pods'
        ➜ Explicit dependency on target 'RCT-Folly' in project 'Pods'
        ➜ Explicit dependency on target 'React-Core' in project 'Pods'
        ➜ Explicit dependency on target 'React-RuntimeApple' in project 'Pods'
        ➜ Explicit dependency on target 'React-RuntimeCore' in project 'Pods'
        ➜ Explicit dependency on target 'React-RuntimeHermes' in project 'Pods'
        ➜ Explicit dependency on target 'React-hermes' in project 'Pods'
        ➜ Explicit dependency on target 'React-jsi' in project 'Pods'
        ➜ Explicit dependency on target 'React-jsinspector' in project 'Pods'
        ➜ Explicit dependency on target 'React-jsinspectorcdp' in project 'Pods'
        ➜ Explicit dependency on target 'React-jsinspectortracing' in project 'Pods'
        ➜ Explicit dependency on target 'React-jsitooling' in project 'Pods'
        ➜ Explicit dependency on target 'SocketRocket' in project 'Pods'
        ➜ Explicit dependency on target 'boost' in project 'Pods'
        ➜ Explicit dependency on target 'fast_float' in project 'Pods'
        ➜ Explicit dependency on target 'fmt' in project 'Pods'
        ➜ Explicit dependency on target 'glog' in project 'Pods'
        ➜ Explicit dependency on target 'hermes-engine' in project 'Pods'
    Target 'React-RuntimeApple' in project 'Pods'
        ➜ Explicit dependency on target 'DoubleConversion' in project 'Pods'
        ➜ Explicit dependency on target 'RCT-Folly' in project 'Pods'
        ➜ Explicit dependency on target 'React-Core' in project 'Pods'
        ➜ Explicit dependency on target 'React-CoreModules' in project 'Pods'
        ➜ Explicit dependency on target 'React-Mapbuffer' in project 'Pods'
        ➜ Explicit dependency on target 'React-NativeModulesApple' in project 'Pods'
        ➜ Explicit dependency on target 'React-RCTFBReactNativeSpec' in project 'Pods'
        ➜ Explicit dependency on target 'React-RCTFabric' in project 'Pods'
        ➜ Explicit dependency on target 'React-RuntimeCore' in project 'Pods'
        ➜ Explicit dependency on target 'React-RuntimeHermes' in project 'Pods'
        ➜ Explicit dependency on target 'React-callinvoker' in project 'Pods'
        ➜ Explicit dependency on target 'React-cxxreact' in project 'Pods'
        ➜ Explicit dependency on target 'React-featureflags' in project 'Pods'
        ➜ Explicit dependency on target 'React-jserrorhandler' in project 'Pods'
        ➜ Explicit dependency on target 'React-jsi' in project 'Pods'
        ➜ Explicit dependency on target 'React-jsiexecutor' in project 'Pods'
        ➜ Explicit dependency on target 'React-jsinspector' in project 'Pods'
        ➜ Explicit dependency on target 'React-jsitooling' in project 'Pods'
        ➜ Explicit dependency on target 'React-runtimeexecutor' in project 'Pods'
        ➜ Explicit dependency on target 'React-runtimescheduler' in project 'Pods'
        ➜ Explicit dependency on target 'React-utils' in project 'Pods'
        ➜ Explicit dependency on target 'SocketRocket' in project 'Pods'
        ➜ Explicit dependency on target 'boost' in project 'Pods'
        ➜ Explicit dependency on target 'fast_float' in project 'Pods'
        ➜ Explicit dependency on target 'fmt' in project 'Pods'
        ➜ Explicit dependency on target 'glog' in project 'Pods'
        ➜ Explicit dependency on target 'hermes-engine' in project 'Pods'
    Target 'React-RuntimeHermes' in project 'Pods'
        ➜ Explicit dependency on target 'DoubleConversion' in project 'Pods'
        ➜ Explicit dependency on target 'RCT-Folly' in project 'Pods'
        ➜ Explicit dependency on target 'React-RuntimeCore' in project 'Pods'
        ➜ Explicit dependency on target 'React-featureflags' in project 'Pods'
        ➜ Explicit dependency on target 'React-hermes' in project 'Pods'
        ➜ Explicit dependency on target 'React-jsi' in project 'Pods'
        ➜ Explicit dependency on target 'React-jsinspector' in project 'Pods'
        ➜ Explicit dependency on target 'React-jsinspectorcdp' in project 'Pods'
        ➜ Explicit dependency on target 'React-jsinspectortracing' in project 'Pods'
        ➜ Explicit dependency on target 'React-jsitooling' in project 'Pods'
        ➜ Explicit dependency on target 'React-jsitracing' in project 'Pods'
        ➜ Explicit dependency on target 'React-utils' in project 'Pods'
        ➜ Explicit dependency on target 'SocketRocket' in project 'Pods'
        ➜ Explicit dependency on target 'boost' in project 'Pods'
        ➜ Explicit dependency on target 'fast_float' in project 'Pods'
        ➜ Explicit dependency on target 'fmt' in project 'Pods'
        ➜ Explicit dependency on target 'glog' in project 'Pods'
        ➜ Explicit dependency on target 'hermes-engine' in project 'Pods'
    Target 'React-jsitracing' in project 'Pods'
        ➜ Explicit dependency on target 'React-jsi' in project 'Pods'
    Target 'React-RuntimeCore' in project 'Pods'
        ➜ Explicit dependency on target 'DoubleConversion' in project 'Pods'
        ➜ Explicit dependency on target 'RCT-Folly' in project 'Pods'
        ➜ Explicit dependency on target 'React-Fabric' in project 'Pods'
        ➜ Explicit dependency on target 'React-cxxreact' in project 'Pods'
        ➜ Explicit dependency on target 'React-featureflags' in project 'Pods'
        ➜ Explicit dependency on target 'React-hermes' in project 'Pods'
        ➜ Explicit dependency on target 'React-jserrorhandler' in project 'Pods'
        ➜ Explicit dependency on target 'React-jsi' in project 'Pods'
        ➜ Explicit dependency on target 'React-jsiexecutor' in project 'Pods'
        ➜ Explicit dependency on target 'React-jsinspector' in project 'Pods'
        ➜ Explicit dependency on target 'React-jsitooling' in project 'Pods'
        ➜ Explicit dependency on target 'React-performancetimeline' in project 'Pods'
        ➜ Explicit dependency on target 'React-runtimeexecutor' in project 'Pods'
        ➜ Explicit dependency on target 'React-runtimescheduler' in project 'Pods'
        ➜ Explicit dependency on target 'React-utils' in project 'Pods'
        ➜ Explicit dependency on target 'SocketRocket' in project 'Pods'
        ➜ Explicit dependency on target 'boost' in project 'Pods'
        ➜ Explicit dependency on target 'fast_float' in project 'Pods'
        ➜ Explicit dependency on target 'fmt' in project 'Pods'
        ➜ Explicit dependency on target 'glog' in project 'Pods'
        ➜ Explicit dependency on target 'hermes-engine' in project 'Pods'
    Target 'React-jserrorhandler' in project 'Pods'
        ➜ Explicit dependency on target 'DoubleConversion' in project 'Pods'
        ➜ Explicit dependency on target 'RCT-Folly' in project 'Pods'
        ➜ Explicit dependency on target 'React-cxxreact' in project 'Pods'
        ➜ Explicit dependency on target 'React-debug' in project 'Pods'
        ➜ Explicit dependency on target 'React-featureflags' in project 'Pods'
        ➜ Explicit dependency on target 'React-jsi' in project 'Pods'
        ➜ Explicit dependency on target 'ReactCommon' in project 'Pods'
        ➜ Explicit dependency on target 'SocketRocket' in project 'Pods'
        ➜ Explicit dependency on target 'boost' in project 'Pods'
        ➜ Explicit dependency on target 'fast_float' in project 'Pods'
        ➜ Explicit dependency on target 'fmt' in project 'Pods'
        ➜ Explicit dependency on target 'glog' in project 'Pods'
        ➜ Explicit dependency on target 'hermes-engine' in project 'Pods'
    Target 'React-Mapbuffer' in project 'Pods'
        ➜ Explicit dependency on target 'DoubleConversion' in project 'Pods'
        ➜ Explicit dependency on target 'RCT-Folly' in project 'Pods'
        ➜ Explicit dependency on target 'React-debug' in project 'Pods'
        ➜ Explicit dependency on target 'SocketRocket' in project 'Pods'
        ➜ Explicit dependency on target 'boost' in project 'Pods'
        ➜ Explicit dependency on target 'fast_float' in project 'Pods'
        ➜ Explicit dependency on target 'fmt' in project 'Pods'
        ➜ Explicit dependency on target 'glog' in project 'Pods'
    Target 'React-CoreModules' in project 'Pods'
        ➜ Explicit dependency on target 'DoubleConversion' in project 'Pods'
        ➜ Explicit dependency on target 'RCT-Folly' in project 'Pods'
        ➜ Explicit dependency on target 'RCTTypeSafety' in project 'Pods'
        ➜ Explicit dependency on target 'React-Core' in project 'Pods'
        ➜ Explicit dependency on target 'React-NativeModulesApple' in project 'Pods'
        ➜ Explicit dependency on target 'React-RCTBlob' in project 'Pods'
        ➜ Explicit dependency on target 'React-RCTFBReactNativeSpec' in project 'Pods'
        ➜ Explicit dependency on target 'React-RCTImage' in project 'Pods'
        ➜ Explicit dependency on target 'React-jsi' in project 'Pods'
        ➜ Explicit dependency on target 'React-jsinspector' in project 'Pods'
        ➜ Explicit dependency on target 'React-jsinspectorcdp' in project 'Pods'
        ➜ Explicit dependency on target 'React-jsinspectortracing' in project 'Pods'
        ➜ Explicit dependency on target 'ReactCommon' in project 'Pods'
        ➜ Explicit dependency on target 'SocketRocket' in project 'Pods'
        ➜ Explicit dependency on target 'boost' in project 'Pods'
        ➜ Explicit dependency on target 'fast_float' in project 'Pods'
        ➜ Explicit dependency on target 'fmt' in project 'Pods'
        ➜ Explicit dependency on target 'glog' in project 'Pods'
    Target 'React-RCTBlob' in project 'Pods'
        ➜ Explicit dependency on target 'DoubleConversion' in project 'Pods'
        ➜ Explicit dependency on target 'RCT-Folly' in project 'Pods'
        ➜ Explicit dependency on target 'React-Core' in project 'Pods'
        ➜ Explicit dependency on target 'React-NativeModulesApple' in project 'Pods'
        ➜ Explicit dependency on target 'React-RCTFBReactNativeSpec' in project 'Pods'
        ➜ Explicit dependency on target 'React-RCTNetwork' in project 'Pods'
        ➜ Explicit dependency on target 'React-jsi' in project 'Pods'
        ➜ Explicit dependency on target 'React-jsinspector' in project 'Pods'
        ➜ Explicit dependency on target 'React-jsinspectorcdp' in project 'Pods'
        ➜ Explicit dependency on target 'ReactCommon' in project 'Pods'
        ➜ Explicit dependency on target 'SocketRocket' in project 'Pods'
        ➜ Explicit dependency on target 'boost' in project 'Pods'
        ➜ Explicit dependency on target 'fast_float' in project 'Pods'
        ➜ Explicit dependency on target 'fmt' in project 'Pods'
        ➜ Explicit dependency on target 'glog' in project 'Pods'
        ➜ Explicit dependency on target 'hermes-engine' in project 'Pods'
    Target 'React-RCTFabric' in project 'Pods'
        ➜ Explicit dependency on target 'DoubleConversion' in project 'Pods'
        ➜ Explicit dependency on target 'RCT-Folly' in project 'Pods'
        ➜ Explicit dependency on target 'React-Core' in project 'Pods'
        ➜ Explicit dependency on target 'React-Fabric' in project 'Pods'
        ➜ Explicit dependency on target 'React-FabricComponents' in project 'Pods'
        ➜ Explicit dependency on target 'React-FabricImage' in project 'Pods'
        ➜ Explicit dependency on target 'React-ImageManager' in project 'Pods'
        ➜ Explicit dependency on target 'React-RCTAnimation' in project 'Pods'
        ➜ Explicit dependency on target 'React-RCTImage' in project 'Pods'
        ➜ Explicit dependency on target 'React-RCTText' in project 'Pods'
        ➜ Explicit dependency on target 'React-debug' in project 'Pods'
        ➜ Explicit dependency on target 'React-featureflags' in project 'Pods'
        ➜ Explicit dependency on target 'React-graphics' in project 'Pods'
        ➜ Explicit dependency on target 'React-hermes' in project 'Pods'
        ➜ Explicit dependency on target 'React-jsi' in project 'Pods'
        ➜ Explicit dependency on target 'React-jsinspector' in project 'Pods'
        ➜ Explicit dependency on target 'React-jsinspectorcdp' in project 'Pods'
        ➜ Explicit dependency on target 'React-jsinspectornetwork' in project 'Pods'
        ➜ Explicit dependency on target 'React-jsinspectortracing' in project 'Pods'
        ➜ Explicit dependency on target 'React-performancetimeline' in project 'Pods'
        ➜ Explicit dependency on target 'React-rendererconsistency' in project 'Pods'
        ➜ Explicit dependency on target 'React-renderercss' in project 'Pods'
        ➜ Explicit dependency on target 'React-rendererdebug' in project 'Pods'
        ➜ Explicit dependency on target 'React-runtimescheduler' in project 'Pods'
        ➜ Explicit dependency on target 'React-utils' in project 'Pods'
        ➜ Explicit dependency on target 'SocketRocket' in project 'Pods'
        ➜ Explicit dependency on target 'Yoga' in project 'Pods'
        ➜ Explicit dependency on target 'boost' in project 'Pods'
        ➜ Explicit dependency on target 'fast_float' in project 'Pods'
        ➜ Explicit dependency on target 'fmt' in project 'Pods'
        ➜ Explicit dependency on target 'glog' in project 'Pods'
        ➜ Explicit dependency on target 'hermes-engine' in project 'Pods'
    Target 'React-RCTText' in project 'Pods'
        ➜ Explicit dependency on target 'React-Core' in project 'Pods'
        ➜ Explicit dependency on target 'Yoga' in project 'Pods'
    Target 'React-RCTImage' in project 'Pods'
        ➜ Explicit dependency on target 'DoubleConversion' in project 'Pods'
        ➜ Explicit dependency on target 'RCT-Folly' in project 'Pods'
        ➜ Explicit dependency on target 'RCTTypeSafety' in project 'Pods'
        ➜ Explicit dependency on target 'React-Core' in project 'Pods'
        ➜ Explicit dependency on target 'React-NativeModulesApple' in project 'Pods'
        ➜ Explicit dependency on target 'React-RCTFBReactNativeSpec' in project 'Pods'
        ➜ Explicit dependency on target 'React-RCTNetwork' in project 'Pods'
        ➜ Explicit dependency on target 'React-jsi' in project 'Pods'
        ➜ Explicit dependency on target 'ReactCommon' in project 'Pods'
        ➜ Explicit dependency on target 'SocketRocket' in project 'Pods'
        ➜ Explicit dependency on target 'boost' in project 'Pods'
        ➜ Explicit dependency on target 'fast_float' in project 'Pods'
        ➜ Explicit dependency on target 'fmt' in project 'Pods'
        ➜ Explicit dependency on target 'glog' in project 'Pods'
    Target 'React-RCTNetwork' in project 'Pods'
        ➜ Explicit dependency on target 'DoubleConversion' in project 'Pods'
        ➜ Explicit dependency on target 'RCT-Folly' in project 'Pods'
        ➜ Explicit dependency on target 'RCTTypeSafety' in project 'Pods'
        ➜ Explicit dependency on target 'React-Core' in project 'Pods'
        ➜ Explicit dependency on target 'React-NativeModulesApple' in project 'Pods'
        ➜ Explicit dependency on target 'React-RCTFBReactNativeSpec' in project 'Pods'
        ➜ Explicit dependency on target 'React-featureflags' in project 'Pods'
        ➜ Explicit dependency on target 'React-jsi' in project 'Pods'
        ➜ Explicit dependency on target 'React-jsinspectorcdp' in project 'Pods'
        ➜ Explicit dependency on target 'React-jsinspectornetwork' in project 'Pods'
        ➜ Explicit dependency on target 'ReactCommon' in project 'Pods'
        ➜ Explicit dependency on target 'SocketRocket' in project 'Pods'
        ➜ Explicit dependency on target 'boost' in project 'Pods'
        ➜ Explicit dependency on target 'fast_float' in project 'Pods'
        ➜ Explicit dependency on target 'fmt' in project 'Pods'
        ➜ Explicit dependency on target 'glog' in project 'Pods'
    Target 'React-RCTAnimation' in project 'Pods'
        ➜ Explicit dependency on target 'DoubleConversion' in project 'Pods'
        ➜ Explicit dependency on target 'RCT-Folly' in project 'Pods'
        ➜ Explicit dependency on target 'RCTTypeSafety' in project 'Pods'
        ➜ Explicit dependency on target 'React-Core' in project 'Pods'
        ➜ Explicit dependency on target 'React-NativeModulesApple' in project 'Pods'
        ➜ Explicit dependency on target 'React-RCTFBReactNativeSpec' in project 'Pods'
        ➜ Explicit dependency on target 'React-featureflags' in project 'Pods'
        ➜ Explicit dependency on target 'React-jsi' in project 'Pods'
        ➜ Explicit dependency on target 'ReactCommon' in project 'Pods'
        ➜ Explicit dependency on target 'SocketRocket' in project 'Pods'
        ➜ Explicit dependency on target 'boost' in project 'Pods'
        ➜ Explicit dependency on target 'fast_float' in project 'Pods'
        ➜ Explicit dependency on target 'fmt' in project 'Pods'
        ➜ Explicit dependency on target 'glog' in project 'Pods'
    Target 'React-RCTFBReactNativeSpec' in project 'Pods'
        ➜ Explicit dependency on target 'DoubleConversion' in project 'Pods'
        ➜ Explicit dependency on target 'RCT-Folly' in project 'Pods'
        ➜ Explicit dependency on target 'RCTRequired' in project 'Pods'
        ➜ Explicit dependency on target 'RCTTypeSafety' in project 'Pods'
        ➜ Explicit dependency on target 'React-Core' in project 'Pods'
        ➜ Explicit dependency on target 'React-NativeModulesApple' in project 'Pods'
        ➜ Explicit dependency on target 'React-hermes' in project 'Pods'
        ➜ Explicit dependency on target 'React-jsi' in project 'Pods'
        ➜ Explicit dependency on target 'React-jsiexecutor' in project 'Pods'
        ➜ Explicit dependency on target 'ReactCommon' in project 'Pods'
        ➜ Explicit dependency on target 'SocketRocket' in project 'Pods'
        ➜ Explicit dependency on target 'boost' in project 'Pods'
        ➜ Explicit dependency on target 'fast_float' in project 'Pods'
        ➜ Explicit dependency on target 'fmt' in project 'Pods'
        ➜ Explicit dependency on target 'glog' in project 'Pods'
        ➜ Explicit dependency on target 'hermes-engine' in project 'Pods'
    Target 'React-FabricImage' in project 'Pods'
        ➜ Explicit dependency on target 'DoubleConversion' in project 'Pods'
        ➜ Explicit dependency on target 'RCT-Folly' in project 'Pods'
        ➜ Explicit dependency on target 'RCTRequired' in project 'Pods'
        ➜ Explicit dependency on target 'RCTTypeSafety' in project 'Pods'
        ➜ Explicit dependency on target 'React-Fabric' in project 'Pods'
        ➜ Explicit dependency on target 'React-ImageManager' in project 'Pods'
        ➜ Explicit dependency on target 'React-featureflags' in project 'Pods'
        ➜ Explicit dependency on target 'React-graphics' in project 'Pods'
        ➜ Explicit dependency on target 'React-hermes' in project 'Pods'
        ➜ Explicit dependency on target 'React-jsi' in project 'Pods'
        ➜ Explicit dependency on target 'React-jsiexecutor' in project 'Pods'
        ➜ Explicit dependency on target 'React-logger' in project 'Pods'
        ➜ Explicit dependency on target 'React-rendererdebug' in project 'Pods'
        ➜ Explicit dependency on target 'React-utils' in project 'Pods'
        ➜ Explicit dependency on target 'ReactCommon' in project 'Pods'
        ➜ Explicit dependency on target 'SocketRocket' in project 'Pods'
        ➜ Explicit dependency on target 'Yoga' in project 'Pods'
        ➜ Explicit dependency on target 'boost' in project 'Pods'
        ➜ Explicit dependency on target 'fast_float' in project 'Pods'
        ➜ Explicit dependency on target 'fmt' in project 'Pods'
        ➜ Explicit dependency on target 'glog' in project 'Pods'
        ➜ Explicit dependency on target 'hermes-engine' in project 'Pods'
    Target 'React-FabricComponents' in project 'Pods'
        ➜ Explicit dependency on target 'DoubleConversion' in project 'Pods'
        ➜ Explicit dependency on target 'RCT-Folly' in project 'Pods'
        ➜ Explicit dependency on target 'RCTRequired' in project 'Pods'
        ➜ Explicit dependency on target 'RCTTypeSafety' in project 'Pods'
        ➜ Explicit dependency on target 'React-Core' in project 'Pods'
        ➜ Explicit dependency on target 'React-Fabric' in project 'Pods'
        ➜ Explicit dependency on target 'React-cxxreact' in project 'Pods'
        ➜ Explicit dependency on target 'React-debug' in project 'Pods'
        ➜ Explicit dependency on target 'React-featureflags' in project 'Pods'
        ➜ Explicit dependency on target 'React-graphics' in project 'Pods'
        ➜ Explicit dependency on target 'React-hermes' in project 'Pods'
        ➜ Explicit dependency on target 'React-jsi' in project 'Pods'
        ➜ Explicit dependency on target 'React-jsiexecutor' in project 'Pods'
        ➜ Explicit dependency on target 'React-logger' in project 'Pods'
        ➜ Explicit dependency on target 'React-rendererdebug' in project 'Pods'
        ➜ Explicit dependency on target 'React-runtimescheduler' in project 'Pods'
        ➜ Explicit dependency on target 'React-utils' in project 'Pods'
        ➜ Explicit dependency on target 'ReactCommon' in project 'Pods'
        ➜ Explicit dependency on target 'SocketRocket' in project 'Pods'
        ➜ Explicit dependency on target 'Yoga' in project 'Pods'
        ➜ Explicit dependency on target 'boost' in project 'Pods'
        ➜ Explicit dependency on target 'fast_float' in project 'Pods'
        ➜ Explicit dependency on target 'fmt' in project 'Pods'
        ➜ Explicit dependency on target 'glog' in project 'Pods'
        ➜ Explicit dependency on target 'hermes-engine' in project 'Pods'
    Target 'React-NativeModulesApple' in project 'Pods'
        ➜ Explicit dependency on target 'DoubleConversion' in project 'Pods'
        ➜ Explicit dependency on target 'RCT-Folly' in project 'Pods'
        ➜ Explicit dependency on target 'React-Core' in project 'Pods'
        ➜ Explicit dependency on target 'React-callinvoker' in project 'Pods'
        ➜ Explicit dependency on target 'React-cxxreact' in project 'Pods'
        ➜ Explicit dependency on target 'React-featureflags' in project 'Pods'
        ➜ Explicit dependency on target 'React-hermes' in project 'Pods'
        ➜ Explicit dependency on target 'React-jsi' in project 'Pods'
        ➜ Explicit dependency on target 'React-jsinspector' in project 'Pods'
        ➜ Explicit dependency on target 'React-jsinspectorcdp' in project 'Pods'
        ➜ Explicit dependency on target 'React-runtimeexecutor' in project 'Pods'
        ➜ Explicit dependency on target 'ReactCommon' in project 'Pods'
        ➜ Explicit dependency on target 'SocketRocket' in project 'Pods'
        ➜ Explicit dependency on target 'boost' in project 'Pods'
        ➜ Explicit dependency on target 'fast_float' in project 'Pods'
        ➜ Explicit dependency on target 'fmt' in project 'Pods'
        ➜ Explicit dependency on target 'glog' in project 'Pods'
        ➜ Explicit dependency on target 'hermes-engine' in project 'Pods'
    Target 'React-ImageManager' in project 'Pods'
        ➜ Explicit dependency on target 'DoubleConversion' in project 'Pods'
        ➜ Explicit dependency on target 'RCT-Folly' in project 'Pods'
        ➜ Explicit dependency on target 'React-Core' in project 'Pods'
        ➜ Explicit dependency on target 'React-Fabric' in project 'Pods'
        ➜ Explicit dependency on target 'React-debug' in project 'Pods'
        ➜ Explicit dependency on target 'React-graphics' in project 'Pods'
        ➜ Explicit dependency on target 'React-rendererdebug' in project 'Pods'
        ➜ Explicit dependency on target 'React-utils' in project 'Pods'
        ➜ Explicit dependency on target 'SocketRocket' in project 'Pods'
        ➜ Explicit dependency on target 'boost' in project 'Pods'
        ➜ Explicit dependency on target 'fast_float' in project 'Pods'
        ➜ Explicit dependency on target 'fmt' in project 'Pods'
        ➜ Explicit dependency on target 'glog' in project 'Pods'
    Target 'React-Fabric' in project 'Pods'
        ➜ Explicit dependency on target 'DoubleConversion' in project 'Pods'
        ➜ Explicit dependency on target 'RCT-Folly' in project 'Pods'
        ➜ Explicit dependency on target 'RCTRequired' in project 'Pods'
        ➜ Explicit dependency on target 'RCTTypeSafety' in project 'Pods'
        ➜ Explicit dependency on target 'React-Core' in project 'Pods'
        ➜ Explicit dependency on target 'React-cxxreact' in project 'Pods'
        ➜ Explicit dependency on target 'React-debug' in project 'Pods'
        ➜ Explicit dependency on target 'React-featureflags' in project 'Pods'
        ➜ Explicit dependency on target 'React-graphics' in project 'Pods'
        ➜ Explicit dependency on target 'React-hermes' in project 'Pods'
        ➜ Explicit dependency on target 'React-jsi' in project 'Pods'
        ➜ Explicit dependency on target 'React-jsiexecutor' in project 'Pods'
        ➜ Explicit dependency on target 'React-logger' in project 'Pods'
        ➜ Explicit dependency on target 'React-performancetimeline' in project 'Pods'
        ➜ Explicit dependency on target 'React-rendererconsistency' in project 'Pods'
        ➜ Explicit dependency on target 'React-renderercss' in project 'Pods'
        ➜ Explicit dependency on target 'React-rendererdebug' in project 'Pods'
        ➜ Explicit dependency on target 'React-runtimescheduler' in project 'Pods'
        ➜ Explicit dependency on target 'React-utils' in project 'Pods'
        ➜ Explicit dependency on target 'ReactCommon' in project 'Pods'
        ➜ Explicit dependency on target 'SocketRocket' in project 'Pods'
        ➜ Explicit dependency on target 'Yoga' in project 'Pods'
        ➜ Explicit dependency on target 'boost' in project 'Pods'
        ➜ Explicit dependency on target 'fast_float' in project 'Pods'
        ➜ Explicit dependency on target 'fmt' in project 'Pods'
        ➜ Explicit dependency on target 'glog' in project 'Pods'
        ➜ Explicit dependency on target 'hermes-engine' in project 'Pods'
    Target 'ReactCommon' in project 'Pods'
        ➜ Explicit dependency on target 'DoubleConversion' in project 'Pods'
        ➜ Explicit dependency on target 'RCT-Folly' in project 'Pods'
        ➜ Explicit dependency on target 'React-callinvoker' in project 'Pods'
        ➜ Explicit dependency on target 'React-cxxreact' in project 'Pods'
        ➜ Explicit dependency on target 'React-debug' in project 'Pods'
        ➜ Explicit dependency on target 'React-featureflags' in project 'Pods'
        ➜ Explicit dependency on target 'React-jsi' in project 'Pods'
        ➜ Explicit dependency on target 'React-logger' in project 'Pods'
        ➜ Explicit dependency on target 'React-perflogger' in project 'Pods'
        ➜ Explicit dependency on target 'React-utils' in project 'Pods'
        ➜ Explicit dependency on target 'SocketRocket' in project 'Pods'
        ➜ Explicit dependency on target 'boost' in project 'Pods'
        ➜ Explicit dependency on target 'fast_float' in project 'Pods'
        ➜ Explicit dependency on target 'fmt' in project 'Pods'
        ➜ Explicit dependency on target 'glog' in project 'Pods'
        ➜ Explicit dependency on target 'hermes-engine' in project 'Pods'
    Target 'React-renderercss' in project 'Pods'
        ➜ Explicit dependency on target 'React-debug' in project 'Pods'
        ➜ Explicit dependency on target 'React-utils' in project 'Pods'
    Target 'React-graphics' in project 'Pods'
        ➜ Explicit dependency on target 'DoubleConversion' in project 'Pods'
        ➜ Explicit dependency on target 'RCT-Folly' in project 'Pods'
        ➜ Explicit dependency on target 'React-hermes' in project 'Pods'
        ➜ Explicit dependency on target 'React-jsi' in project 'Pods'
        ➜ Explicit dependency on target 'React-jsiexecutor' in project 'Pods'
        ➜ Explicit dependency on target 'React-utils' in project 'Pods'
        ➜ Explicit dependency on target 'SocketRocket' in project 'Pods'
        ➜ Explicit dependency on target 'boost' in project 'Pods'
        ➜ Explicit dependency on target 'fast_float' in project 'Pods'
        ➜ Explicit dependency on target 'fmt' in project 'Pods'
        ➜ Explicit dependency on target 'glog' in project 'Pods'
        ➜ Explicit dependency on target 'hermes-engine' in project 'Pods'
    Target 'RCTTypeSafety' in project 'Pods'
        ➜ Explicit dependency on target 'FBLazyVector' in project 'Pods'
        ➜ Explicit dependency on target 'RCTRequired' in project 'Pods'
        ➜ Explicit dependency on target 'React-Core' in project 'Pods'
    Target 'RCTRequired' in project 'Pods' (no dependencies)
    Target 'FirebaseCoreExtension' in project 'Pods'
        ➜ Explicit dependency on target 'FirebaseCore' in project 'Pods'
        ➜ Explicit dependency on target 'FirebaseCoreExtension-FirebaseCoreExtension_Privacy' in project 'Pods'
    Target 'FirebaseCoreExtension-FirebaseCoreExtension_Privacy' in project 'Pods' (no dependencies)
    Target 'Firebase' in project 'Pods'
        ➜ Explicit dependency on target 'FirebaseCore' in project 'Pods'
        ➜ Explicit dependency on target 'FirebaseMessaging' in project 'Pods'
    Target 'FirebaseMessaging' in project 'Pods'
        ➜ Explicit dependency on target 'FirebaseCore' in project 'Pods'
        ➜ Explicit dependency on target 'FirebaseInstallations' in project 'Pods'
        ➜ Explicit dependency on target 'FirebaseMessaging-FirebaseMessaging_Privacy' in project 'Pods'
        ➜ Explicit dependency on target 'GoogleDataTransport' in project 'Pods'
        ➜ Explicit dependency on target 'GoogleUtilities' in project 'Pods'
        ➜ Explicit dependency on target 'nanopb' in project 'Pods'
    Target 'GoogleDataTransport' in project 'Pods'
        ➜ Explicit dependency on target 'GoogleDataTransport-GoogleDataTransport_Privacy' in project 'Pods'
        ➜ Explicit dependency on target 'PromisesObjC' in project 'Pods'
        ➜ Explicit dependency on target 'nanopb' in project 'Pods'
    Target 'nanopb' in project 'Pods'
        ➜ Explicit dependency on target 'nanopb-nanopb_Privacy' in project 'Pods'
    Target 'nanopb-nanopb_Privacy' in project 'Pods' (no dependencies)
    Target 'GoogleDataTransport-GoogleDataTransport_Privacy' in project 'Pods' (no dependencies)
    Target 'FirebaseMessaging-FirebaseMessaging_Privacy' in project 'Pods' (no dependencies)
    Target 'FirebaseInstallations' in project 'Pods'
        ➜ Explicit dependency on target 'FirebaseCore' in project 'Pods'
        ➜ Explicit dependency on target 'FirebaseInstallations-FirebaseInstallations_Privacy' in project 'Pods'
        ➜ Explicit dependency on target 'GoogleUtilities' in project 'Pods'
        ➜ Explicit dependency on target 'PromisesObjC' in project 'Pods'
    Target 'PromisesObjC' in project 'Pods'
        ➜ Explicit dependency on target 'PromisesObjC-FBLPromises_Privacy' in project 'Pods'
    Target 'PromisesObjC-FBLPromises_Privacy' in project 'Pods' (no dependencies)
    Target 'FirebaseInstallations-FirebaseInstallations_Privacy' in project 'Pods' (no dependencies)
    Target 'FirebaseCore' in project 'Pods'
        ➜ Explicit dependency on target 'FirebaseCore-FirebaseCore_Privacy' in project 'Pods'
        ➜ Explicit dependency on target 'FirebaseCoreInternal' in project 'Pods'
        ➜ Explicit dependency on target 'GoogleUtilities' in project 'Pods'
    Target 'FirebaseCoreInternal' in project 'Pods'
        ➜ Explicit dependency on target 'FirebaseCoreInternal-FirebaseCoreInternal_Privacy' in project 'Pods'
        ➜ Explicit dependency on target 'GoogleUtilities' in project 'Pods'
    Target 'GoogleUtilities' in project 'Pods'
        ➜ Explicit dependency on target 'GoogleUtilities-GoogleUtilities_Privacy' in project 'Pods'
    Target 'GoogleUtilities-GoogleUtilities_Privacy' in project 'Pods' (no dependencies)
    Target 'FirebaseCoreInternal-FirebaseCoreInternal_Privacy' in project 'Pods' (no dependencies)
    Target 'FirebaseCore-FirebaseCore_Privacy' in project 'Pods' (no dependencies)
    Target 'FBLazyVector' in project 'Pods' (no dependencies)
    Target 'BVLinearGradient' in project 'Pods'
        ➜ Explicit dependency on target 'React-Core' in project 'Pods'
    Target 'React-Core' in project 'Pods'
        ➜ Explicit dependency on target 'DoubleConversion' in project 'Pods'
        ➜ Explicit dependency on target 'RCT-Folly' in project 'Pods'
        ➜ Explicit dependency on target 'RCTDeprecation' in project 'Pods'
        ➜ Explicit dependency on target 'React-Core-React-Core_privacy' in project 'Pods'
        ➜ Explicit dependency on target 'React-cxxreact' in project 'Pods'
        ➜ Explicit dependency on target 'React-featureflags' in project 'Pods'
        ➜ Explicit dependency on target 'React-hermes' in project 'Pods'
        ➜ Explicit dependency on target 'React-jsi' in project 'Pods'
        ➜ Explicit dependency on target 'React-jsiexecutor' in project 'Pods'
        ➜ Explicit dependency on target 'React-jsinspector' in project 'Pods'
        ➜ Explicit dependency on target 'React-jsinspectorcdp' in project 'Pods'
        ➜ Explicit dependency on target 'React-jsitooling' in project 'Pods'
        ➜ Explicit dependency on target 'React-perflogger' in project 'Pods'
        ➜ Explicit dependency on target 'React-runtimescheduler' in project 'Pods'
        ➜ Explicit dependency on target 'React-utils' in project 'Pods'
        ➜ Explicit dependency on target 'SocketRocket' in project 'Pods'
        ➜ Explicit dependency on target 'Yoga' in project 'Pods'
        ➜ Explicit dependency on target 'boost' in project 'Pods'
        ➜ Explicit dependency on target 'fast_float' in project 'Pods'
        ➜ Explicit dependency on target 'fmt' in project 'Pods'
        ➜ Explicit dependency on target 'glog' in project 'Pods'
        ➜ Explicit dependency on target 'hermes-engine' in project 'Pods'
    Target 'Yoga' in project 'Pods' (no dependencies)
    Target 'React-runtimescheduler' in project 'Pods'
        ➜ Explicit dependency on target 'DoubleConversion' in project 'Pods'
        ➜ Explicit dependency on target 'RCT-Folly' in project 'Pods'
        ➜ Explicit dependency on target 'React-callinvoker' in project 'Pods'
        ➜ Explicit dependency on target 'React-cxxreact' in project 'Pods'
        ➜ Explicit dependency on target 'React-debug' in project 'Pods'
        ➜ Explicit dependency on target 'React-featureflags' in project 'Pods'
        ➜ Explicit dependency on target 'React-hermes' in project 'Pods'
        ➜ Explicit dependency on target 'React-jsi' in project 'Pods'
        ➜ Explicit dependency on target 'React-jsinspectortracing' in project 'Pods'
        ➜ Explicit dependency on target 'React-performancetimeline' in project 'Pods'
        ➜ Explicit dependency on target 'React-rendererconsistency' in project 'Pods'
        ➜ Explicit dependency on target 'React-rendererdebug' in project 'Pods'
        ➜ Explicit dependency on target 'React-runtimeexecutor' in project 'Pods'
        ➜ Explicit dependency on target 'React-timing' in project 'Pods'
        ➜ Explicit dependency on target 'React-utils' in project 'Pods'
        ➜ Explicit dependency on target 'SocketRocket' in project 'Pods'
        ➜ Explicit dependency on target 'boost' in project 'Pods'
        ➜ Explicit dependency on target 'fast_float' in project 'Pods'
        ➜ Explicit dependency on target 'fmt' in project 'Pods'
        ➜ Explicit dependency on target 'glog' in project 'Pods'
        ➜ Explicit dependency on target 'hermes-engine' in project 'Pods'
    Target 'React-utils' in project 'Pods'
        ➜ Explicit dependency on target 'DoubleConversion' in project 'Pods'
        ➜ Explicit dependency on target 'RCT-Folly' in project 'Pods'
        ➜ Explicit dependency on target 'React-debug' in project 'Pods'
        ➜ Explicit dependency on target 'React-hermes' in project 'Pods'
        ➜ Explicit dependency on target 'React-jsi' in project 'Pods'
        ➜ Explicit dependency on target 'SocketRocket' in project 'Pods'
        ➜ Explicit dependency on target 'boost' in project 'Pods'
        ➜ Explicit dependency on target 'fast_float' in project 'Pods'
        ➜ Explicit dependency on target 'fmt' in project 'Pods'
        ➜ Explicit dependency on target 'glog' in project 'Pods'
        ➜ Explicit dependency on target 'hermes-engine' in project 'Pods'
    Target 'React-rendererdebug' in project 'Pods'
        ➜ Explicit dependency on target 'DoubleConversion' in project 'Pods'
        ➜ Explicit dependency on target 'RCT-Folly' in project 'Pods'
        ➜ Explicit dependency on target 'React-debug' in project 'Pods'
        ➜ Explicit dependency on target 'SocketRocket' in project 'Pods'
        ➜ Explicit dependency on target 'boost' in project 'Pods'
        ➜ Explicit dependency on target 'fast_float' in project 'Pods'
        ➜ Explicit dependency on target 'fmt' in project 'Pods'
        ➜ Explicit dependency on target 'glog' in project 'Pods'
    Target 'React-rendererconsistency' in project 'Pods' (no dependencies)
    Target 'React-performancetimeline' in project 'Pods'
        ➜ Explicit dependency on target 'DoubleConversion' in project 'Pods'
        ➜ Explicit dependency on target 'RCT-Folly' in project 'Pods'
        ➜ Explicit dependency on target 'React-featureflags' in project 'Pods'
        ➜ Explicit dependency on target 'React-jsinspectortracing' in project 'Pods'
        ➜ Explicit dependency on target 'React-perflogger' in project 'Pods'
        ➜ Explicit dependency on target 'React-timing' in project 'Pods'
        ➜ Explicit dependency on target 'SocketRocket' in project 'Pods'
        ➜ Explicit dependency on target 'boost' in project 'Pods'
        ➜ Explicit dependency on target 'fast_float' in project 'Pods'
        ➜ Explicit dependency on target 'fmt' in project 'Pods'
        ➜ Explicit dependency on target 'glog' in project 'Pods'
    Target 'React-jsitooling' in project 'Pods'
        ➜ Explicit dependency on target 'DoubleConversion' in project 'Pods'
        ➜ Explicit dependency on target 'RCT-Folly' in project 'Pods'
        ➜ Explicit dependency on target 'React-cxxreact' in project 'Pods'
        ➜ Explicit dependency on target 'React-jsi' in project 'Pods'
        ➜ Explicit dependency on target 'React-jsinspector' in project 'Pods'
        ➜ Explicit dependency on target 'React-jsinspectorcdp' in project 'Pods'
        ➜ Explicit dependency on target 'React-jsinspectortracing' in project 'Pods'
        ➜ Explicit dependency on target 'SocketRocket' in project 'Pods'
        ➜ Explicit dependency on target 'boost' in project 'Pods'
        ➜ Explicit dependency on target 'fast_float' in project 'Pods'
        ➜ Explicit dependency on target 'fmt' in project 'Pods'
        ➜ Explicit dependency on target 'glog' in project 'Pods'
    Target 'React-hermes' in project 'Pods'
        ➜ Explicit dependency on target 'DoubleConversion' in project 'Pods'
        ➜ Explicit dependency on target 'RCT-Folly' in project 'Pods'
        ➜ Explicit dependency on target 'React-cxxreact' in project 'Pods'
        ➜ Explicit dependency on target 'React-jsi' in project 'Pods'
        ➜ Explicit dependency on target 'React-jsiexecutor' in project 'Pods'
        ➜ Explicit dependency on target 'React-jsinspector' in project 'Pods'
        ➜ Explicit dependency on target 'React-jsinspectorcdp' in project 'Pods'
        ➜ Explicit dependency on target 'React-jsinspectortracing' in project 'Pods'
        ➜ Explicit dependency on target 'React-perflogger' in project 'Pods'
        ➜ Explicit dependency on target 'React-runtimeexecutor' in project 'Pods'
        ➜ Explicit dependency on target 'SocketRocket' in project 'Pods'
        ➜ Explicit dependency on target 'boost' in project 'Pods'
        ➜ Explicit dependency on target 'fast_float' in project 'Pods'
        ➜ Explicit dependency on target 'fmt' in project 'Pods'
        ➜ Explicit dependency on target 'glog' in project 'Pods'
        ➜ Explicit dependency on target 'hermes-engine' in project 'Pods'
    Target 'React-jsiexecutor' in project 'Pods'
        ➜ Explicit dependency on target 'DoubleConversion' in project 'Pods'
        ➜ Explicit dependency on target 'RCT-Folly' in project 'Pods'
        ➜ Explicit dependency on target 'React-cxxreact' in project 'Pods'
        ➜ Explicit dependency on target 'React-jsi' in project 'Pods'
        ➜ Explicit dependency on target 'React-jsinspector' in project 'Pods'
        ➜ Explicit dependency on target 'React-jsinspectorcdp' in project 'Pods'
        ➜ Explicit dependency on target 'React-jsinspectortracing' in project 'Pods'
        ➜ Explicit dependency on target 'React-perflogger' in project 'Pods'
        ➜ Explicit dependency on target 'SocketRocket' in project 'Pods'
        ➜ Explicit dependency on target 'boost' in project 'Pods'
        ➜ Explicit dependency on target 'fast_float' in project 'Pods'
        ➜ Explicit dependency on target 'fmt' in project 'Pods'
        ➜ Explicit dependency on target 'glog' in project 'Pods'
        ➜ Explicit dependency on target 'hermes-engine' in project 'Pods'
    Target 'React-cxxreact' in project 'Pods'
        ➜ Explicit dependency on target 'DoubleConversion' in project 'Pods'
        ➜ Explicit dependency on target 'RCT-Folly' in project 'Pods'
        ➜ Explicit dependency on target 'React-callinvoker' in project 'Pods'
        ➜ Explicit dependency on target 'React-cxxreact-React-cxxreact_privacy' in project 'Pods'
        ➜ Explicit dependency on target 'React-debug' in project 'Pods'
        ➜ Explicit dependency on target 'React-jsi' in project 'Pods'
        ➜ Explicit dependency on target 'React-jsinspector' in project 'Pods'
        ➜ Explicit dependency on target 'React-jsinspectorcdp' in project 'Pods'
        ➜ Explicit dependency on target 'React-jsinspectortracing' in project 'Pods'
        ➜ Explicit dependency on target 'React-logger' in project 'Pods'
        ➜ Explicit dependency on target 'React-perflogger' in project 'Pods'
        ➜ Explicit dependency on target 'React-runtimeexecutor' in project 'Pods'
        ➜ Explicit dependency on target 'React-timing' in project 'Pods'
        ➜ Explicit dependency on target 'SocketRocket' in project 'Pods'
        ➜ Explicit dependency on target 'boost' in project 'Pods'
        ➜ Explicit dependency on target 'fast_float' in project 'Pods'
        ➜ Explicit dependency on target 'fmt' in project 'Pods'
        ➜ Explicit dependency on target 'glog' in project 'Pods'
        ➜ Explicit dependency on target 'hermes-engine' in project 'Pods'
    Target 'React-timing' in project 'Pods' (no dependencies)
    Target 'React-logger' in project 'Pods'
        ➜ Explicit dependency on target 'DoubleConversion' in project 'Pods'
        ➜ Explicit dependency on target 'RCT-Folly' in project 'Pods'
        ➜ Explicit dependency on target 'SocketRocket' in project 'Pods'
        ➜ Explicit dependency on target 'boost' in project 'Pods'
        ➜ Explicit dependency on target 'fast_float' in project 'Pods'
        ➜ Explicit dependency on target 'fmt' in project 'Pods'
        ➜ Explicit dependency on target 'glog' in project 'Pods'
    Target 'React-jsinspector' in project 'Pods'
        ➜ Explicit dependency on target 'DoubleConversion' in project 'Pods'
        ➜ Explicit dependency on target 'RCT-Folly' in project 'Pods'
        ➜ Explicit dependency on target 'React-featureflags' in project 'Pods'
        ➜ Explicit dependency on target 'React-jsi' in project 'Pods'
        ➜ Explicit dependency on target 'React-jsinspectorcdp' in project 'Pods'
        ➜ Explicit dependency on target 'React-jsinspectornetwork' in project 'Pods'
        ➜ Explicit dependency on target 'React-jsinspectortracing' in project 'Pods'
        ➜ Explicit dependency on target 'React-perflogger' in project 'Pods'
        ➜ Explicit dependency on target 'React-runtimeexecutor' in project 'Pods'
        ➜ Explicit dependency on target 'SocketRocket' in project 'Pods'
        ➜ Explicit dependency on target 'boost' in project 'Pods'
        ➜ Explicit dependency on target 'fast_float' in project 'Pods'
        ➜ Explicit dependency on target 'fmt' in project 'Pods'
        ➜ Explicit dependency on target 'glog' in project 'Pods'
        ➜ Explicit dependency on target 'hermes-engine' in project 'Pods'
    Target 'React-runtimeexecutor' in project 'Pods'
        ➜ Explicit dependency on target 'React-jsi' in project 'Pods'
    Target 'React-perflogger' in project 'Pods'
        ➜ Explicit dependency on target 'DoubleConversion' in project 'Pods'
        ➜ Explicit dependency on target 'RCT-Folly' in project 'Pods'
        ➜ Explicit dependency on target 'SocketRocket' in project 'Pods'
        ➜ Explicit dependency on target 'boost' in project 'Pods'
        ➜ Explicit dependency on target 'fast_float' in project 'Pods'
        ➜ Explicit dependency on target 'fmt' in project 'Pods'
        ➜ Explicit dependency on target 'glog' in project 'Pods'
    Target 'React-jsinspectortracing' in project 'Pods'
        ➜ Explicit dependency on target 'DoubleConversion' in project 'Pods'
        ➜ Explicit dependency on target 'RCT-Folly' in project 'Pods'
        ➜ Explicit dependency on target 'React-oscompat' in project 'Pods'
        ➜ Explicit dependency on target 'SocketRocket' in project 'Pods'
        ➜ Explicit dependency on target 'boost' in project 'Pods'
        ➜ Explicit dependency on target 'fast_float' in project 'Pods'
        ➜ Explicit dependency on target 'fmt' in project 'Pods'
        ➜ Explicit dependency on target 'glog' in project 'Pods'
    Target 'React-oscompat' in project 'Pods' (no dependencies)
    Target 'React-jsinspectornetwork' in project 'Pods'
        ➜ Explicit dependency on target 'DoubleConversion' in project 'Pods'
        ➜ Explicit dependency on target 'RCT-Folly' in project 'Pods'
        ➜ Explicit dependency on target 'React-jsinspectorcdp' in project 'Pods'
        ➜ Explicit dependency on target 'SocketRocket' in project 'Pods'
        ➜ Explicit dependency on target 'boost' in project 'Pods'
        ➜ Explicit dependency on target 'fast_float' in project 'Pods'
        ➜ Explicit dependency on target 'fmt' in project 'Pods'
        ➜ Explicit dependency on target 'glog' in project 'Pods'
    Target 'React-jsinspectorcdp' in project 'Pods'
        ➜ Explicit dependency on target 'DoubleConversion' in project 'Pods'
        ➜ Explicit dependency on target 'RCT-Folly' in project 'Pods'
        ➜ Explicit dependency on target 'SocketRocket' in project 'Pods'
        ➜ Explicit dependency on target 'boost' in project 'Pods'
        ➜ Explicit dependency on target 'fast_float' in project 'Pods'
        ➜ Explicit dependency on target 'fmt' in project 'Pods'
        ➜ Explicit dependency on target 'glog' in project 'Pods'
    Target 'React-featureflags' in project 'Pods'
        ➜ Explicit dependency on target 'DoubleConversion' in project 'Pods'
        ➜ Explicit dependency on target 'RCT-Folly' in project 'Pods'
        ➜ Explicit dependency on target 'SocketRocket' in project 'Pods'
        ➜ Explicit dependency on target 'boost' in project 'Pods'
        ➜ Explicit dependency on target 'fast_float' in project 'Pods'
        ➜ Explicit dependency on target 'fmt' in project 'Pods'
        ➜ Explicit dependency on target 'glog' in project 'Pods'
    Target 'React-jsi' in project 'Pods'
        ➜ Explicit dependency on target 'DoubleConversion' in project 'Pods'
        ➜ Explicit dependency on target 'RCT-Folly' in project 'Pods'
        ➜ Explicit dependency on target 'SocketRocket' in project 'Pods'
        ➜ Explicit dependency on target 'boost' in project 'Pods'
        ➜ Explicit dependency on target 'fast_float' in project 'Pods'
        ➜ Explicit dependency on target 'fmt' in project 'Pods'
        ➜ Explicit dependency on target 'glog' in project 'Pods'
        ➜ Explicit dependency on target 'hermes-engine' in project 'Pods'
    Target 'hermes-engine' in project 'Pods' (no dependencies)
    Target 'SocketRocket' in project 'Pods' (no dependencies)
    Target 'React-debug' in project 'Pods' (no dependencies)
    Target 'React-cxxreact-React-cxxreact_privacy' in project 'Pods' (no dependencies)
    Target 'React-callinvoker' in project 'Pods' (no dependencies)
    Target 'React-Core-React-Core_privacy' in project 'Pods' (no dependencies)
    Target 'RCTDeprecation' in project 'Pods' (no dependencies)
    Target 'RCT-Folly' in project 'Pods'
        ➜ Explicit dependency on target 'DoubleConversion' in project 'Pods'
        ➜ Explicit dependency on target 'RCT-Folly-RCT-Folly_privacy' in project 'Pods'
        ➜ Explicit dependency on target 'boost' in project 'Pods'
        ➜ Explicit dependency on target 'fast_float' in project 'Pods'
        ➜ Explicit dependency on target 'fmt' in project 'Pods'
        ➜ Explicit dependency on target 'glog' in project 'Pods'
    Target 'glog' in project 'Pods'
        ➜ Explicit dependency on target 'glog-glog_privacy' in project 'Pods'
    Target 'glog-glog_privacy' in project 'Pods' (no dependencies)
    Target 'fmt' in project 'Pods' (no dependencies)
    Target 'fast_float' in project 'Pods' (no dependencies)
    Target 'boost' in project 'Pods'
        ➜ Explicit dependency on target 'boost-boost_privacy' in project 'Pods'
    Target 'boost-boost_privacy' in project 'Pods' (no dependencies)
    Target 'RCT-Folly-RCT-Folly_privacy' in project 'Pods' (no dependencies)
    Target 'DoubleConversion' in project 'Pods' (no dependencies)

GatherProvisioningInputs
debug 

debug 

debug CreateBuildDescription

debug 
ExecuteExternalTool /Applications/Xcode.app/Contents/Developer/Toolchains/XcodeDefault.xctoolchain/usr/bin/clang -v -E -dM -arch arm64 -isysroot /Applications/Xcode.app/Contents/Developer/Platforms/iPhoneSimulator.platform/Developer/SDKs/iPhoneSimulator26.5.sdk -x c++ -c /dev/null

debug 
ExecuteExternalTool /Applications/Xcode.app/Contents/Developer/Toolchains/XcodeDefault.xctoolchain/usr/bin/clang -v -E -dM -arch arm64 -isysroot /Applications/Xcode.app/Contents/Developer/Platforms/iPhoneSimulator.platform/Developer/SDKs/iPhoneSimulator26.5.sdk -x objective-c -c /dev/null


debug ExecuteExternalTool /Applications/Xcode.app/Contents/Developer/Toolchains/XcodeDefault.xctoolchain/usr/bin/clang -v -E -dM -isysroot /Applications/Xcode.app/Contents/Developer/Platforms/iPhoneSimulator.platform/Developer/SDKs/iPhoneSimulator26.5.sdk -x c -c /dev/null

ExecuteExternalTool /Applications/Xcode.app/Contents/Developer/Toolchains/XcodeDefault.xctoolchain/usr/bin/clang -v -E -dM -arch arm64 -isysroot /Applications/Xcode.app/Contents/Developer/Platforms/iPhoneSimulator.platform/Developer/SDKs/iPhoneSimulator26.5.sdk -x objective-c++ -c /dev/null

debug 
ExecuteExternalTool /Applications/Xcode.app/Contents/Developer/Toolchains/XcodeDefault.xctoolchain/usr/bin/clang -v -E -dM -arch arm64 -isysroot /Applications/Xcode.app/Contents/Developer/Platforms/iPhoneSimulator.platform/Developer/SDKs/iPhoneSimulator26.5.sdk -x c -c /dev/null
debug 

debug 

debug ExecuteExternalTool /Applications/Xcode.app/Contents/Developer/Toolchains/XcodeDefault.xctoolchain/usr/bin/libtool -V

debug 
ExecuteExternalTool /Applications/Xcode.app/Contents/Developer/Toolchains/XcodeDefault.xctoolchain/usr/bin/swiftc --version

debug 
ExecuteExternalTool /Applications/Xcode.app/Contents/Developer/usr/bin/ibtool --version --output-format xml1

debug 
ExecuteExternalTool /Applications/Xcode.app/Contents/Developer/usr/bin/actool --print-asset-tag-combinations --output-format xml1 /Users/krishna/Desktop/Projects/Manas_/ios/Hrms_/Images.xcassets

debug 
ExecuteExternalTool /Applications/Xcode.app/Contents/Developer/Toolchains/XcodeDefault.xctoolchain/usr/bin/clang -v -E -dM -arch arm64 -isysroot /Applications/Xcode.app/Contents/Developer/Platforms/iPhoneSimulator.platform/Developer/SDKs/iPhoneSimulator26.5.sdk -x assembler-with-cpp -c /dev/null

debug 

debug ExecuteExternalTool /Applications/Xcode.app/Contents/Developer/usr/bin/actool --version --output-format xml1

debug 

debug ExecuteExternalTool /Applications/Xcode.app/Contents/Developer/Toolchains/XcodeDefault.xctoolchain/usr/bin/ld -version_details

debug 

debug Build description signature: 67a889fb2d63775eca33876dcbe691f0

debug Build description path: /Users/krishna/Library/Developer/Xcode/DerivedData/Hrms_-fwmimlbgucwnlkdgjryadaszcdfx/Build/Intermediates.noindex/XCBuildData/67a889fb2d63775eca33876dcbe691f0.xcbuilddata

debug ClangStatCache /Applications/Xcode.app/Contents/Developer/Toolchains/XcodeDefault.xctoolchain/usr/bin/clang-stat-cache /Applications/Xcode.app/Contents/Developer/Platforms/iPhoneSimulator.platform/Developer/SDKs/iPhoneSimulator26.5.sdk /Users/krishna/Library/Developer/Xcode/DerivedData/SDKStatCaches.noindex/iphonesimulator26.5-23F81a-6cfe768891a92b912361537c460fe42b.sdkstatcache
    cd /Users/krishna/Desktop/Projects/Manas_/ios
    /Applications/Xcode.app/Contents/Developer/Toolchains/XcodeDefault.xctoolchain/usr/bin/clang-stat-cache /Applications/Xcode.app/Contents/Developer/Platforms/iPhoneSimulator.platform/Developer/SDKs/iPhoneSimulator26.5.sdk -o /Users/krishna/Library/Developer/Xcode/DerivedData/SDKStatCaches.noindex/iphonesimulator26.5-23F81a-6cfe768891a92b912361537c460fe42b.sdkstatcache

debug 

debug PhaseScriptExecution [CP-User]\ [Hermes]\ Replace\ Hermes\ for\ the\ right\ configuration,\ if\ needed /Users/krishna/Library/Developer/Xcode/DerivedData/Hrms_-fwmimlbgucwnlkdgjryadaszcdfx/Build/Intermediates.noindex/Pods.build/Debug-iphonesimulator/hermes-engine.build/Script-46EB2E00028EA0.sh (in target 'hermes-engine' from project 'Pods')
    cd /Users/krishna/Desktop/Projects/Manas_/ios/Pods
    export ACTION\=build
    export AD_HOC_CODE_SIGNING_ALLOWED\=YES
    export ALLOW_BUILD_REQUEST_OVERRIDES\=NO
    export ALLOW_TARGET_PLATFORM_SPECIALIZATION\=NO
    export ALTERNATE_GROUP\=staff
    export ALTERNATE_MODE\=u+w,go-w,a+rX
    export ALTERNATE_OWNER\=krishna
    export ALTERNATIVE_DISTRIBUTION_WEB\=NO
    export ALWAYS_EMBED_SWIFT_STANDARD_LIBRARIES\=NO
    export ALWAYS_SEARCH_USER_PATHS\=NO
    export ALWAYS_USE_SEPARATE_HEADERMAPS\=NO
    export APPLICATION_EXTENSION_API_ONLY\=NO
    export APPLY_RULES_IN_COPY_FILES\=NO
    export APPLY_RULES_IN_COPY_HEADERS\=NO
    export APP_SHORTCUTS_ENABLE_FLEXIBLE_MATCHING\=YES
    export ARCHS\=arm64
    export ARCHS_BASE\=arm64
    export ARCHS_STANDARD\=arm64\ x86_64
    export ARCHS_STANDARD_32_64_BIT\=arm64\ x86_64
    export ARCHS_STANDARD_64_BIT\=arm64\ x86_64
    export ARCHS_STANDARD_INCLUDING_64_BIT\=arm64\ x86_64
    export ARCHS_UNIVERSAL_IPHONE_OS\=arm64\ x86_64
    export ASSETCATALOG_COMPILER_APPICON_NAME\=AppIcon
    export ASSETCATALOG_COMPILER_GLOBAL_ACCENT_COLOR_NAME\=AccentColor
    export ASSETCATALOG_FILTER_FOR_DEVICE_MODEL\=iPhone18,1
    export ASSETCATALOG_FILTER_FOR_DEVICE_OS_VERSION\=26.5
    export ASSETCATALOG_FILTER_FOR_THINNING_DEVICE_CONFIGURATION\=iPhone18,1
    export AUTOMATICALLY_MERGE_DEPENDENCIES\=NO
    export AUTOMATION_APPLE_EVENTS\=NO
    export AVAILABLE_PLATFORMS\=android\ appletvos\ appletvsimulator\ driverkit\ freebsd\ iphoneos\ iphonesimulator\ linux\ macosx\ none\ openbsd\ qnx\ watchos\ watchsimulator\ webassembly\ xros\ xrsimulator
    export BUILD_ACTIVE_RESOURCES_ONLY\=YES
    export BUILD_COMPONENTS\=headers\ build
    export BUILD_DIR\=/Users/krishna/Library/Developer/Xcode/DerivedData/Hrms_-fwmimlbgucwnlkdgjryadaszcdfx/Build/Products
    export BUILD_LIBRARY_FOR_DISTRIBUTION\=NO
    export BUILD_ONLY_KNOWN_LOCALIZATIONS\=NO
    export BUILD_ROOT\=/Users/krishna/Library/Developer/Xcode/DerivedData/Hrms_-fwmimlbgucwnlkdgjryadaszcdfx/Build/Products
    export BUILD_STYLE\=
    export BUILD_VARIANTS\=normal
    export BUILT_PRODUCTS_DIR\=/Users/krishna/Library/Developer/Xcode/DerivedData/Hrms_-fwmimlbgucwnlkdgjryadaszcdfx/Build/Products/Debug-iphonesimulator/hermes-engine
    export BUNDLE_CONTENTS_FOLDER_PATH_deep\=Contents/
    export BUNDLE_EXECUTABLE_FOLDER_NAME_deep\=MacOS
    export BUNDLE_EXTENSIONS_FOLDER_PATH\=Extensions
    export BUNDLE_FORMAT\=shallow
    export BUNDLE_FRAMEWORKS_FOLDER_PATH\=Frameworks
    export BUNDLE_PLUGINS_FOLDER_PATH\=PlugIns
    export BUNDLE_PRIVATE_HEADERS_FOLDER_PATH\=PrivateHeaders
    export BUNDLE_PUBLIC_HEADERS_FOLDER_PATH\=Headers
    export CACHE_ROOT\=/var/folders/yt/2pg_t8190v94n3vy3sbcfhch0000gn/C/com.apple.DeveloperTools/26.6-17F113/Xcode
    export CCHROOT\=/var/folders/yt/2pg_t8190v94n3vy3sbcfhch0000gn/C/com.apple.DeveloperTools/26.6-17F113/Xcode
    export CHMOD\=/bin/chmod
    export CHOWN\=chown
    export CLANG_ANALYZER_LOCALIZABILITY_NONLOCALIZED\=YES
    export CLANG_ANALYZER_NONNULL\=YES
    export CLANG_ANALYZER_NUMBER_OBJECT_CONVERSION\=YES_AGGRESSIVE
    export CLANG_CACHE_FINE_GRAINED_OUTPUTS\=YES
    export CLANG_CXX_LANGUAGE_STANDARD\=c++20
    export CLANG_CXX_LIBRARY\=compiler-default
    export CLANG_ENABLE_EXPLICIT_MODULES\=YES
    export CLANG_ENABLE_MODULES\=YES
    export CLANG_ENABLE_OBJC_ARC\=YES
    export CLANG_ENABLE_OBJC_WEAK\=NO
    export CLANG_MODULES_BUILD_SESSION_FILE\=/Users/krishna/Library/Developer/Xcode/DerivedData/ModuleCache.noindex/Session.modulevalidation
    export CLANG_WARN_BLOCK_CAPTURE_AUTORELEASING\=YES
    export CLANG_WARN_BOOL_CONVERSION\=YES
    export CLANG_WARN_COMMA\=YES
    export CLANG_WARN_CONSTANT_CONVERSION\=YES
    export CLANG_WARN_DEPRECATED_OBJC_IMPLEMENTATIONS\=YES
    export CLANG_WARN_DIRECT_OBJC_ISA_USAGE\=YES_ERROR
    export CLANG_WARN_DOCUMENTATION_COMMENTS\=YES
    export CLANG_WARN_EMPTY_BODY\=YES
    export CLANG_WARN_ENUM_CONVERSION\=YES
    export CLANG_WARN_INFINITE_RECURSION\=YES
    export CLANG_WARN_INT_CONVERSION\=YES
    export CLANG_WARN_NON_LITERAL_NULL_CONVERSION\=YES
    export CLANG_WARN_OBJC_IMPLICIT_RETAIN_SELF\=YES
    export CLANG_WARN_OBJC_LITERAL_CONVERSION\=YES
    export CLANG_WARN_OBJC_ROOT_CLASS\=YES_ERROR
    export CLANG_WARN_QUOTED_INCLUDE_IN_FRAMEWORK_HEADER\=NO
    export CLANG_WARN_RANGE_LOOP_ANALYSIS\=YES
    export CLANG_WARN_STRICT_PROTOTYPES\=YES
    export CLANG_WARN_SUSPICIOUS_MOVE\=YES
    export CLANG_WARN_UNGUARDED_AVAILABILITY\=YES_AGGRESSIVE
    export CLANG_WARN_UNREACHABLE_CODE\=YES
    export CLANG_WARN__DUPLICATE_METHOD_MATCH\=YES
    export CLASS_FILE_DIR\=/Users/krishna/Library/Developer/Xcode/DerivedData/Hrms_-fwmimlbgucwnlkdgjryadaszcdfx/Build/Intermediates.noindex/Pods.build/Debug-iphonesimulator/hermes-engine.build/JavaClasses
    export CLEAN_PRECOMPS\=YES
    export CLONE_HEADERS\=NO
    export CODESIGNING_FOLDER_PATH\=/Users/krishna/Library/Developer/Xcode/DerivedData/Hrms_-fwmimlbgucwnlkdgjryadaszcdfx/Build/Products/Debug-iphonesimulator/hermes-engine/
    export CODE_SIGNING_ALLOWED\=NO
    export CODE_SIGNING_REQUIRED\=YES
    export CODE_SIGN_CONTEXT_CLASS\=XCiPhoneSimulatorCodeSignContext
    export CODE_SIGN_IDENTITY\=-
    export CODE_SIGN_INJECT_BASE_ENTITLEMENTS\=YES
    export COLOR_DIAGNOSTICS\=NO
    export COMBINE_HIDPI_IMAGES\=NO
    export COMPILATION_CACHE_CAS_PATH\=/Users/krishna/Library/Developer/Xcode/DerivedData/CompilationCache.noindex
    export COMPILATION_CACHE_KEEP_CAS_DIRECTORY\=YES
    export COMPILER_INDEX_STORE_ENABLE\=Default
    export COMPOSITE_SDK_DIRS\=/Users/krishna/Library/Developer/Xcode/DerivedData/Hrms_-fwmimlbgucwnlkdgjryadaszcdfx/Build/Intermediates.noindex/CompositeSDKs
    export COMPRESS_PNG_FILES\=YES
    export CONFIGURATION\=Debug
    export CONFIGURATION_BUILD_DIR\=/Users/krishna/Library/Developer/Xcode/DerivedData/Hrms_-fwmimlbgucwnlkdgjryadaszcdfx/Build/Products/Debug-iphonesimulator/hermes-engine
    export CONFIGURATION_TEMP_DIR\=/Users/krishna/Library/Developer/Xcode/DerivedData/Hrms_-fwmimlbgucwnlkdgjryadaszcdfx/Build/Intermediates.noindex/Pods.build/Debug-iphonesimulator
    export COPYING_PRESERVES_HFS_DATA\=NO
    export COPY_HEADERS_RUN_UNIFDEF\=NO
    export COPY_PHASE_STRIP\=NO
    export CORRESPONDING_DEVICE_PLATFORM_DIR\=/Applications/Xcode.app/Contents/Developer/Platforms/iPhoneOS.platform
    export CORRESPONDING_DEVICE_PLATFORM_NAME\=iphoneos
    export CORRESPONDING_DEVICE_SDK_DIR\=/Applications/Xcode.app/Contents/Developer/Platforms/iPhoneOS.platform/Developer/SDKs/iPhoneOS26.5.sdk
    export CORRESPONDING_DEVICE_SDK_NAME\=iphoneos26.5
    export CP\=/bin/cp
    export CREATE_INFOPLIST_SECTION_IN_BINARY\=NO
    export CURRENT_ARCH\=undefined_arch
    export CURRENT_VARIANT\=normal
    export DEAD_CODE_STRIPPING\=YES
    export DEBUGGING_SYMBOLS\=YES
    export DEBUG_INFORMATION_FORMAT\=dwarf
    export DEBUG_INFORMATION_VERSION\=compiler-default
    export DEFAULT_COMPILER\=com.apple.compilers.llvm.clang.1_0
    export DEFAULT_DEXT_INSTALL_PATH\=/System/Library/DriverExtensions
    export DEFAULT_KEXT_INSTALL_PATH\=/System/Library/Extensions
    export DEFINES_MODULE\=NO
    export DEPLOYMENT_LOCATION\=NO
    export DEPLOYMENT_POSTPROCESSING\=NO
    export DEPLOYMENT_TARGET_SETTING_NAME\=IPHONEOS_DEPLOYMENT_TARGET
    export DEPLOYMENT_TARGET_SUGGESTED_VALUES\=12.0\ 12.1\ 12.2\ 12.3\ 12.4\ 13.0\ 13.1\ 13.2\ 13.3\ 13.4\ 13.5\ 13.6\ 14.0\ 14.1\ 14.2\ 14.3\ 14.4\ 14.5\ 14.6\ 14.7\ 15.0\ 15.1\ 15.2\ 15.3\ 15.4\ 15.5\ 15.6\ 16.0\ 16.1\ 16.2\ 16.3\ 16.4\ 16.5\ 16.6\ 17.0\ 17.1\ 17.2\ 17.3\ 17.4\ 17.5\ 17.6\ 18.0\ 18.1\ 18.2\ 18.3\ 18.4\ 18.5\ 18.6\ 26.0\ 26.2\ 26.3\ 26.4\ 26.5
    export DERIVED_FILES_DIR\=/Users/krishna/Library/Developer/Xcode/DerivedData/Hrms_-fwmimlbgucwnlkdgjryadaszcdfx/Build/Intermediates.noindex/Pods.build/Debug-iphonesimulator/hermes-engine.build/DerivedSources
    export DERIVED_FILE_DIR\=/Users/krishna/Library/Developer/Xcode/DerivedData/Hrms_-fwmimlbgucwnlkdgjryadaszcdfx/Build/Intermediates.noindex/Pods.build/Debug-iphonesimulator/hermes-engine.build/DerivedSources
    export DERIVED_SOURCES_DIR\=/Users/krishna/Library/Developer/Xcode/DerivedData/Hrms_-fwmimlbgucwnlkdgjryadaszcdfx/Build/Intermediates.noindex/Pods.build/Debug-iphonesimulator/hermes-engine.build/DerivedSources
    export DEVELOPER_APPLICATIONS_DIR\=/Applications/Xcode.app/Contents/Developer/Applications
    export DEVELOPER_BIN_DIR\=/Applications/Xcode.app/Contents/Developer/usr/bin
    export DEVELOPER_DIR\=/Applications/Xcode.app/Contents/Developer
    export DEVELOPER_FRAMEWORKS_DIR\=/Applications/Xcode.app/Contents/Developer/Library/Frameworks
    export DEVELOPER_FRAMEWORKS_DIR_QUOTED\=/Applications/Xcode.app/Contents/Developer/Library/Frameworks
    export DEVELOPER_LIBRARY_DIR\=/Applications/Xcode.app/Contents/Developer/Library
    export DEVELOPER_SDK_DIR\=/Applications/Xcode.app/Contents/Developer/Platforms/MacOSX.platform/Developer/SDKs
    export DEVELOPER_TOOLS_DIR\=/Applications/Xcode.app/Contents/Developer/Tools
    export DEVELOPER_USR_DIR\=/Applications/Xcode.app/Contents/Developer/usr
    export DEVELOPMENT_LANGUAGE\=en
    export DIAGNOSE_MISSING_TARGET_DEPENDENCIES\=YES
    export DIFF\=/usr/bin/diff
    export DONT_GENERATE_INFOPLIST_FILE\=NO
    export DSTROOT\=/tmp/Pods.dst
    export DT_TOOLCHAIN_DIR\=/Applications/Xcode.app/Contents/Developer/Toolchains/XcodeDefault.xctoolchain
    export DUMP_DEPENDENCIES\=NO
    export DUMP_DEPENDENCIES_OUTPUT_PATH\=/Users/krishna/Library/Developer/Xcode/DerivedData/Hrms_-fwmimlbgucwnlkdgjryadaszcdfx/Build/Intermediates.noindex/Pods.build/Debug-iphonesimulator/hermes-engine.build/hermes-engine-BuildDependencyInfo.json
    export DWARF_DSYM_FILE_NAME\=.dSYM
    export DWARF_DSYM_FILE_SHOULD_ACCOMPANY_PRODUCT\=NO
    export DWARF_DSYM_FOLDER_PATH\=/Users/krishna/Library/Developer/Xcode/DerivedData/Hrms_-fwmimlbgucwnlkdgjryadaszcdfx/Build/Products/Debug-iphonesimulator/hermes-engine
    export DYNAMIC_LIBRARY_EXTENSION\=dylib
    export EAGER_COMPILATION_ALLOW_SCRIPTS\=NO
    export EAGER_LINKING\=NO
    export EFFECTIVE_PLATFORM_NAME\=-iphonesimulator
    export EFFECTIVE_SWIFT_VERSION\=5
    export EMBEDDED_CONTENT_CONTAINS_SWIFT\=NO
    export EMBED_ASSET_PACKS_IN_PRODUCT_BUNDLE\=NO
    export ENABLE_APP_SANDBOX\=NO
    export ENABLE_CODE_COVERAGE\=YES
    export ENABLE_COHORT_ARCHS\=NO
    export ENABLE_CPLUSPLUS_BOUNDS_SAFE_BUFFERS\=NO
    export ENABLE_C_BOUNDS_SAFETY\=NO
    export ENABLE_DEFAULT_HEADER_SEARCH_PATHS\=YES
    export ENABLE_DEFAULT_SEARCH_PATHS\=YES
    export ENABLE_ENHANCED_SECURITY\=NO
    export ENABLE_HARDENED_RUNTIME\=NO
    export ENABLE_HEADER_DEPENDENCIES\=YES
    export ENABLE_INCOMING_NETWORK_CONNECTIONS\=NO
    export ENABLE_ON_DEMAND_RESOURCES\=NO
    export ENABLE_OUTGOING_NETWORK_CONNECTIONS\=NO
    export ENABLE_POINTER_AUTHENTICATION\=NO
    export ENABLE_PREVIEWS\=NO
    export ENABLE_RESOURCE_ACCESS_AUDIO_INPUT\=NO
    export ENABLE_RESOURCE_ACCESS_BLUETOOTH\=NO
    export ENABLE_RESOURCE_ACCESS_CALENDARS\=NO
    export ENABLE_RESOURCE_ACCESS_CAMERA\=NO
    export ENABLE_RESOURCE_ACCESS_CONTACTS\=NO
    export ENABLE_RESOURCE_ACCESS_LOCATION\=NO
    export ENABLE_RESOURCE_ACCESS_PHOTO_LIBRARY\=NO
    export ENABLE_RESOURCE_ACCESS_PRINTING\=NO
    export ENABLE_RESOURCE_ACCESS_USB\=NO
    export ENABLE_SDK_IMPORTS\=NO
    export ENABLE_SECURITY_COMPILER_WARNINGS\=NO
    export ENABLE_STRICT_OBJC_MSGSEND\=YES
    export ENABLE_TESTABILITY\=YES
    export ENABLE_TESTING_SEARCH_PATHS\=NO
    export ENABLE_USER_SCRIPT_SANDBOXING\=NO
    export ENABLE_XOJIT_PREVIEWS\=YES
    export ENFORCE_VALID_ARCHS\=YES
    export ENTITLEMENTS_DESTINATION\=__entitlements
    export ENTITLEMENTS_REQUIRED\=YES
    export EXCLUDED_INSTALLSRC_SUBDIRECTORY_PATTERNS\=.DS_Store\ .svn\ .git\ .hg\ CVS
    export EXCLUDED_RECURSIVE_SEARCH_PATH_SUBDIRECTORIES\=\*.nib\ \*.lproj\ \*.framework\ \*.gch\ \*.xcode\*\ \*.xcassets\ \*.icon\ \(\*\)\ .DS_Store\ CVS\ .svn\ .git\ .hg\ \*.pbproj\ \*.pbxproj
    export FILE_LIST\=/Users/krishna/Library/Developer/Xcode/DerivedData/Hrms_-fwmimlbgucwnlkdgjryadaszcdfx/Build/Intermediates.noindex/Pods.build/Debug-iphonesimulator/hermes-engine.build/Objects/LinkFileList
    export FIXED_FILES_DIR\=/Users/krishna/Library/Developer/Xcode/DerivedData/Hrms_-fwmimlbgucwnlkdgjryadaszcdfx/Build/Intermediates.noindex/Pods.build/Debug-iphonesimulator/hermes-engine.build/FixedFiles
    export FRAMEWORK_SEARCH_PATHS\=\ \"/Users/krishna/Desktop/Projects/Manas_/ios/Pods/hermes-engine/destroot/Library/Frameworks/universal\"\ \"/Users/krishna/Library/Developer/Xcode/DerivedData/Hrms_-fwmimlbgucwnlkdgjryadaszcdfx/Build/Products/Debug-iphonesimulator/XCFrameworkIntermediates/hermes-engine/Pre-built\"
    export FRAMEWORK_VERSION\=A
    export FUSE_BUILD_PHASES\=YES
    export FUSE_BUILD_SCRIPT_PHASES\=NO
    export GCC3_VERSION\=3.3
    export GCC_C_LANGUAGE_STANDARD\=gnu11
    export GCC_DYNAMIC_NO_PIC\=NO
    export GCC_NO_COMMON_BLOCKS\=YES
    export GCC_OBJC_LEGACY_DISPATCH\=YES
    export GCC_OPTIMIZATION_LEVEL\=0
    export GCC_PFE_FILE_C_DIALECTS\=c\ objective-c\ c++\ objective-c++
    export GCC_PREPROCESSOR_DEFINITIONS\=POD_CONFIGURATION_DEBUG\=1\ DEBUG\=1\ \ COCOAPODS\=1\ HERMES_ENABLE_DEBUGGER\=1
    export GCC_TREAT_WARNINGS_AS_ERRORS\=NO
    export GCC_VERSION\=com.apple.compilers.llvm.clang.1_0
    export GCC_VERSION_IDENTIFIER\=com_apple_compilers_llvm_clang_1_0
    export GCC_WARN_64_TO_32_BIT_CONVERSION\=YES
    export GCC_WARN_ABOUT_RETURN_TYPE\=YES_ERROR
    export GCC_WARN_INHIBIT_ALL_WARNINGS\=YES
    export GCC_WARN_UNDECLARED_SELECTOR\=YES
    export GCC_WARN_UNINITIALIZED_AUTOS\=YES_AGGRESSIVE
    export GCC_WARN_UNUSED_FUNCTION\=YES
    export GCC_WARN_UNUSED_VARIABLE\=YES
    export GENERATED_MODULEMAP_DIR\=/Users/krishna/Library/Developer/Xcode/DerivedData/Hrms_-fwmimlbgucwnlkdgjryadaszcdfx/Build/Intermediates.noindex/GeneratedModuleMaps-iphonesimulator
    export GENERATE_INFOPLIST_FILE\=NO
    export GENERATE_INTERMEDIATE_TEXT_BASED_STUBS\=YES
    export GENERATE_PKGINFO_FILE\=NO
    export GENERATE_PRELINK_OBJECT_FILE\=NO
    export GENERATE_PROFILING_CODE\=NO
    export GENERATE_TEXT_BASED_STUBS\=NO
    export GID\=20
    export GROUP\=staff
    export HEADERMAP_INCLUDES_FLAT_ENTRIES_FOR_TARGET_BEING_BUILT\=YES
    export HEADERMAP_INCLUDES_FRAMEWORK_ENTRIES_FOR_ALL_PRODUCT_TYPES\=YES
    export HEADERMAP_INCLUDES_FRAMEWORK_ENTRIES_FOR_TARGETS_NOT_BEING_BUILT\=YES
    export HEADERMAP_INCLUDES_NONPUBLIC_NONPRIVATE_HEADERS\=YES
    export HEADERMAP_INCLUDES_PROJECT_HEADERS\=YES
    export HEADERMAP_USES_FRAMEWORK_PREFIX_ENTRIES\=YES
    export HEADERMAP_USES_VFS\=NO
    export HEADER_SEARCH_PATHS\=\ \"/Users/krishna/Desktop/Projects/Manas_/ios/Pods/Headers/Private\"\ \"/Users/krishna/Desktop/Projects/Manas_/ios/Pods/Headers/Private/hermes-engine\"\ \"/Users/krishna/Desktop/Projects/Manas_/ios/Pods/Headers/Public\"\ \"/Users/krishna/Desktop/Projects/Manas_/ios/Pods/Headers/Public/hermes-engine\"
    export HOME\=/Users/krishna
    export HOST_ARCH\=arm64
    export HOST_PLATFORM\=macosx
    export ICONV\=/usr/bin/iconv
    export IMPLICIT_DEPENDENCY_DOMAIN\=default
    export INDEX_STORE_COMPRESS\=NO
    export INDEX_STORE_ONLY_PROJECT_FILES\=NO
    export INFOPLIST_ENABLE_CFBUNDLEICONS_MERGE\=YES
    export INFOPLIST_EXPAND_BUILD_SETTINGS\=YES
    export INFOPLIST_OUTPUT_FORMAT\=binary
    export INFOPLIST_PREPROCESS\=NO
    export INLINE_PRIVATE_FRAMEWORKS\=NO
    export INSTALLAPI_IGNORE_SKIP_INSTALL\=YES
    export INSTALLHDRS_COPY_PHASE\=NO
    export INSTALLHDRS_SCRIPT_PHASE\=NO
    export INSTALL_DIR\=/tmp/Pods.dst
    export INSTALL_GROUP\=staff
    export INSTALL_MODE_FLAG\=u+w,go-w,a+rX
    export INSTALL_OWNER\=krishna
    export INSTALL_ROOT\=/tmp/Pods.dst
    export IPHONEOS_DEPLOYMENT_TARGET\=15.1
    export IS_UNOPTIMIZED_BUILD\=YES
    export JAVAC_DEFAULT_FLAGS\=-J-Xms64m\ -J-XX:NewSize\=4M\ -J-Dfile.encoding\=UTF8
    export JAVA_APP_STUB\=/System/Library/Frameworks/JavaVM.framework/Resources/MacOS/JavaApplicationStub
    export JAVA_ARCHIVE_CLASSES\=YES
    export JAVA_ARCHIVE_TYPE\=JAR
    export JAVA_COMPILER\=/usr/bin/javac
    export JAVA_FRAMEWORK_RESOURCES_DIRS\=Resources
    export JAVA_JAR_FLAGS\=cv
    export JAVA_SOURCE_SUBDIR\=.
    export JAVA_USE_DEPENDENCIES\=YES
    export JAVA_ZIP_FLAGS\=-urg
    export JIKES_DEFAULT_FLAGS\=+E\ +OLDCSO
    export KEEP_PRIVATE_EXTERNS\=NO
    export LD_DEPENDENCY_INFO_FILE\=/Users/krishna/Library/Developer/Xcode/DerivedData/Hrms_-fwmimlbgucwnlkdgjryadaszcdfx/Build/Intermediates.noindex/Pods.build/Debug-iphonesimulator/hermes-engine.build/Objects-normal/undefined_arch/hermes-engine_dependency_info.dat
    export LD_EXPORT_SYMBOLS\=YES
    export LD_GENERATE_MAP_FILE\=NO
    export LD_MAP_FILE_PATH\=/Users/krishna/Library/Developer/Xcode/DerivedData/Hrms_-fwmimlbgucwnlkdgjryadaszcdfx/Build/Intermediates.noindex/Pods.build/Debug-iphonesimulator/hermes-engine.build/hermes-engine-LinkMap-normal-undefined_arch.txt
    export LD_NO_PIE\=NO
    export LD_QUOTE_LINKER_ARGUMENTS_FOR_COMPILER_DRIVER\=YES
    export LD_RUNPATH_SEARCH_PATHS\=\ @executable_path/Frameworks
    export LD_SHARED_CACHE_ELIGIBLE\=Automatic
    export LD_WARN_DUPLICATE_LIBRARIES\=NO
    export LD_WARN_UNUSED_DYLIBS\=NO
    export LEGACY_DEVELOPER_DIR\=/Applications/Xcode.app/Contents/PlugIns/Xcode3Core.ideplugin/Contents/SharedSupport/Developer
    export LEX\=lex
    export LIBRARY_DEXT_INSTALL_PATH\=/Library/DriverExtensions
    export LIBRARY_FLAG_NOSPACE\=YES
    export LIBRARY_KEXT_INSTALL_PATH\=/Library/Extensions
    export LINKER_DISPLAYS_MANGLED_NAMES\=NO
    export LINK_FILE_LIST_normal_arm64\=/Users/krishna/Library/Developer/Xcode/DerivedData/Hrms_-fwmimlbgucwnlkdgjryadaszcdfx/Build/Intermediates.noindex/Pods.build/Debug-iphonesimulator/hermes-engine.build/Objects-normal/arm64/hermes-engine.LinkFileList
    export LINK_OBJC_RUNTIME\=YES
    export LINK_WITH_STANDARD_LIBRARIES\=YES
    export LLVM_TARGET_TRIPLE_OS_VERSION\=ios15.1
    export LLVM_TARGET_TRIPLE_SUFFIX\=-simulator
    export LLVM_TARGET_TRIPLE_VENDOR\=apple
    export LM_AUX_CONST_METADATA_LIST_PATH_normal_arm64\=/Users/krishna/Library/Developer/Xcode/DerivedData/Hrms_-fwmimlbgucwnlkdgjryadaszcdfx/Build/Intermediates.noindex/Pods.build/Debug-iphonesimulator/hermes-engine.build/Objects-normal/arm64/hermes-engine.SwiftConstValuesFileList
    export LOCALIZATION_EXPORT_SUPPORTED\=YES
    export LOCALIZATION_PREFERS_STRING_CATALOGS\=NO
    export LOCALIZED_STRING_CODE_COMMENTS\=NO
    export LOCALIZED_STRING_MACRO_NAMES\=NSLocalizedString\ CFCopyLocalizedString
    export LOCALIZED_STRING_SWIFTUI_SUPPORT\=YES
    export LOCAL_ADMIN_APPS_DIR\=/Applications/Utilities
    export LOCAL_APPS_DIR\=/Applications
    export LOCAL_DEVELOPER_DIR\=/Library/Developer
    export LOCAL_LIBRARY_DIR\=/Library
    export LOCROOT\=/Users/krishna/Desktop/Projects/Manas_/ios/Pods
    export LOCSYMROOT\=/Users/krishna/Desktop/Projects/Manas_/ios/Pods
    export MAC_OS_X_PRODUCT_BUILD_VERSION\=25F80
    export MAC_OS_X_VERSION_ACTUAL\=260501
    export MAC_OS_X_VERSION_MAJOR\=260000
    export MAC_OS_X_VERSION_MINOR\=260500
    export MAKE_MERGEABLE\=NO
    export MERGEABLE_LIBRARY\=NO
    export MERGED_BINARY_TYPE\=none
    export MERGE_LINKED_LIBRARIES\=NO
    export METAL_LIBRARY_FILE_BASE\=default
    export METAL_LIBRARY_OUTPUT_DIR\=/Users/krishna/Library/Developer/Xcode/DerivedData/Hrms_-fwmimlbgucwnlkdgjryadaszcdfx/Build/Products/Debug-iphonesimulator/hermes-engine/
    export MODULE_CACHE_DIR\=/Users/krishna/Library/Developer/Xcode/DerivedData/ModuleCache.noindex
    export MTL_ENABLE_DEBUG_INFO\=INCLUDE_SOURCE
    export MTL_FAST_MATH\=YES
    export NATIVE_ARCH\=arm64
    export NATIVE_ARCH_32_BIT\=arm
    export NATIVE_ARCH_64_BIT\=arm64
    export NATIVE_ARCH_ACTUAL\=arm64
    export NO_COMMON\=YES
    export OBJC_ABI_VERSION\=2
    export OBJECT_FILE_DIR\=/Users/krishna/Library/Developer/Xcode/DerivedData/Hrms_-fwmimlbgucwnlkdgjryadaszcdfx/Build/Intermediates.noindex/Pods.build/Debug-iphonesimulator/hermes-engine.build/Objects
    export OBJECT_FILE_DIR_normal\=/Users/krishna/Library/Developer/Xcode/DerivedData/Hrms_-fwmimlbgucwnlkdgjryadaszcdfx/Build/Intermediates.noindex/Pods.build/Debug-iphonesimulator/hermes-engine.build/Objects-normal
    export OBJROOT\=/Users/krishna/Library/Developer/Xcode/DerivedData/Hrms_-fwmimlbgucwnlkdgjryadaszcdfx/Build/Intermediates.noindex
    export ONLY_ACTIVE_ARCH\=YES
    export OS\=MACOS
    export OSAC\=/usr/bin/osacompile
    export OTHER_LDFLAGS\=\ \ 
    export PASCAL_STRINGS\=YES
    export PATH\=/Applications/Xcode.app/Contents/SharedFrameworks/SwiftBuild.framework/Versions/A/PlugIns/SWBBuildService.bundle/Contents/PlugIns/SWBUniversalPlatformPlugin.bundle/Contents/Frameworks/SWBUniversalPlatform.framework/Resources:/Applications/Xcode.app/Contents/Developer/Toolchains/XcodeDefault.xctoolchain/usr/bin:/Applications/Xcode.app/Contents/Developer/Toolchains/XcodeDefault.xctoolchain/usr/local/bin:/Applications/Xcode.app/Contents/Developer/Toolchains/XcodeDefault.xctoolchain/usr/libexec:/Applications/Xcode.app/Contents/Developer/Platforms/iPhoneSimulator.platform/usr/bin:/Applications/Xcode.app/Contents/Developer/Platforms/iPhoneSimulator.platform/usr/local/bin:/Applications/Xcode.app/Contents/Developer/Platforms/iPhoneSimulator.platform/Developer/usr/bin:/Applications/Xcode.app/Contents/Developer/Platforms/iPhoneSimulator.platform/Developer/usr/local/bin:/Applications/Xcode.app/Contents/Developer/usr/bin:/Applications/Xcode.app/Contents/Developer/usr/local/bin:/Users/krishna/Desktop/Projects/Manas_/node_modules/.bin:/Users/krishna/Desktop/Projects/node_modules/.bin:/Users/krishna/Desktop/node_modules/.bin:/Users/krishna/node_modules/.bin:/Users/node_modules/.bin:/node_modules/.bin:/opt/homebrew/Cellar/node@22/22.22.3/lib/node_modules/npm/node_modules/@npmcli/run-script/lib/node-gyp-bin:/opt/homebrew/opt/openjdk@17/bin:/opt/homebrew/bin:/opt/homebrew/sbin:/usr/local/bin:/System/Cryptexes/App/usr/bin:/usr/bin:/bin:/usr/sbin:/sbin:/var/run/com.apple.security.cryptexd/codex.system/bootstrap/usr/local/bin:/var/run/com.apple.security.cryptexd/codex.system/bootstrap/usr/bin:/var/run/com.apple.security.cryptexd/codex.system/bootstrap/usr/appleinternal/bin:/pkg/env/global/bin:/Library/Apple/usr/bin
    export PATH_PREFIXES_EXCLUDED_FROM_HEADER_DEPENDENCIES\=/usr/include\ /usr/local/include\ /System/Library/Frameworks\ /System/Library/PrivateFrameworks\ /Applications/Xcode.app/Contents/Developer/Headers\ /Applications/Xcode.app/Contents/Developer/SDKs\ /Applications/Xcode.app/Contents/Developer/Platforms
    export PER_ARCH_MODULE_FILE_DIR\=/Users/krishna/Library/Developer/Xcode/DerivedData/Hrms_-fwmimlbgucwnlkdgjryadaszcdfx/Build/Intermediates.noindex/Pods.build/Debug-iphonesimulator/hermes-engine.build/Objects-normal/undefined_arch
    export PER_ARCH_OBJECT_FILE_DIR\=/Users/krishna/Library/Developer/Xcode/DerivedData/Hrms_-fwmimlbgucwnlkdgjryadaszcdfx/Build/Intermediates.noindex/Pods.build/Debug-iphonesimulator/hermes-engine.build/Objects-normal/undefined_arch
    export PER_VARIANT_OBJECT_FILE_DIR\=/Users/krishna/Library/Developer/Xcode/DerivedData/Hrms_-fwmimlbgucwnlkdgjryadaszcdfx/Build/Intermediates.noindex/Pods.build/Debug-iphonesimulator/hermes-engine.build/Objects-normal
    export PKGINFO_FILE_PATH\=/Users/krishna/Library/Developer/Xcode/DerivedData/Hrms_-fwmimlbgucwnlkdgjryadaszcdfx/Build/Intermediates.noindex/Pods.build/Debug-iphonesimulator/hermes-engine.build/PkgInfo
    export PLATFORM_DEVELOPER_APPLICATIONS_DIR\=/Applications/Xcode.app/Contents/Developer/Platforms/iPhoneSimulator.platform/Developer/Applications
    export PLATFORM_DEVELOPER_BIN_DIR\=/Applications/Xcode.app/Contents/Developer/Platforms/iPhoneSimulator.platform/Developer/usr/bin
    export PLATFORM_DEVELOPER_LIBRARY_DIR\=/Applications/Xcode.app/Contents/Developer/Platforms/iPhoneSimulator.platform/Developer/Library
    export PLATFORM_DEVELOPER_SDK_DIR\=/Applications/Xcode.app/Contents/Developer/Platforms/iPhoneSimulator.platform/Developer/SDKs
    export PLATFORM_DEVELOPER_TOOLS_DIR\=/Applications/Xcode.app/Contents/Developer/Platforms/iPhoneSimulator.platform/Developer/Tools
    export PLATFORM_DEVELOPER_USR_DIR\=/Applications/Xcode.app/Contents/Developer/Platforms/iPhoneSimulator.platform/Developer/usr
    export PLATFORM_DIR\=/Applications/Xcode.app/Contents/Developer/Platforms/iPhoneSimulator.platform
    export PLATFORM_DISPLAY_NAME\=iOS\ Simulator
    export PLATFORM_FAMILY_NAME\=iOS
    export PLATFORM_NAME\=iphonesimulator
    export PLATFORM_PREFERRED_ARCH\=x86_64
    export PLATFORM_PRODUCT_BUILD_VERSION\=23F81a
    export PLATFORM_REQUIRES_SWIFT_AUTOLINK_EXTRACT\=NO
    export PLATFORM_REQUIRES_SWIFT_MODULEWRAP\=NO
    export PLATFORM_USES_DSYMS\=YES
    export PLIST_FILE_OUTPUT_FORMAT\=binary
    export PODS_BUILD_DIR\=/Users/krishna/Library/Developer/Xcode/DerivedData/Hrms_-fwmimlbgucwnlkdgjryadaszcdfx/Build/Products
    export PODS_CONFIGURATION_BUILD_DIR\=/Users/krishna/Library/Developer/Xcode/DerivedData/Hrms_-fwmimlbgucwnlkdgjryadaszcdfx/Build/Products/Debug-iphonesimulator
    export PODS_DEVELOPMENT_LANGUAGE\=en
    export PODS_ROOT\=/Users/krishna/Desktop/Projects/Manas_/ios/Pods
    export PODS_TARGET_SRCROOT\=/Users/krishna/Desktop/Projects/Manas_/ios/Pods/hermes-engine
    export PODS_XCFRAMEWORKS_BUILD_DIR\=/Users/krishna/Library/Developer/Xcode/DerivedData/Hrms_-fwmimlbgucwnlkdgjryadaszcdfx/Build/Products/Debug-iphonesimulator/XCFrameworkIntermediates
    export PRECOMPS_INCLUDE_HEADERS_FROM_BUILT_PRODUCTS_DIR\=YES
    export PRECOMP_DESTINATION_DIR\=/Users/krishna/Library/Developer/Xcode/DerivedData/Hrms_-fwmimlbgucwnlkdgjryadaszcdfx/Build/Intermediates.noindex/Pods.build/Debug-iphonesimulator/hermes-engine.build/PrefixHeaders
    export PROCESSED_INFOPLIST_PATH\=/Users/krishna/Library/Developer/Xcode/DerivedData/Hrms_-fwmimlbgucwnlkdgjryadaszcdfx/Build/Intermediates.noindex/Pods.build/Debug-iphonesimulator/hermes-engine.build/Objects-normal/undefined_arch/Processed-Info.plist
    export PRODUCT_BUNDLE_IDENTIFIER\=org.cocoapods.hermes-engine
    export PRODUCT_MODULE_NAME\=hermes_engine
    export PRODUCT_NAME\=hermes-engine
    export PRODUCT_SETTINGS_PATH\=
    export PROFILING_CODE\=NO
    export PROJECT\=Pods
    export PROJECT_DERIVED_FILE_DIR\=/Users/krishna/Library/Developer/Xcode/DerivedData/Hrms_-fwmimlbgucwnlkdgjryadaszcdfx/Build/Intermediates.noindex/Pods.build/DerivedSources
    export PROJECT_DIR\=/Users/krishna/Desktop/Projects/Manas_/ios/Pods
    export PROJECT_FILE_PATH\=/Users/krishna/Desktop/Projects/Manas_/ios/Pods/Pods.xcodeproj
    export PROJECT_GUID\=8699adb1dd336b26511df848a716bd42
    export PROJECT_NAME\=Pods
    export PROJECT_TEMP_DIR\=/Users/krishna/Library/Developer/Xcode/DerivedData/Hrms_-fwmimlbgucwnlkdgjryadaszcdfx/Build/Intermediates.noindex/Pods.build
    export PROJECT_TEMP_ROOT\=/Users/krishna/Library/Developer/Xcode/DerivedData/Hrms_-fwmimlbgucwnlkdgjryadaszcdfx/Build/Intermediates.noindex
    export REACT_NATIVE_PATH\=/Users/krishna/Desktop/Projects/Manas_/ios/Pods/../../node_modules/react-native
    export RECOMMENDED_IPHONEOS_DEPLOYMENT_TARGET\=15.0
    export RECURSIVE_SEARCH_PATHS_FOLLOW_SYMLINKS\=YES
    export REMOVE_CVS_FROM_RESOURCES\=YES
    export REMOVE_GIT_FROM_RESOURCES\=YES
    export REMOVE_HEADERS_FROM_EMBEDDED_BUNDLES\=YES
    export REMOVE_HG_FROM_RESOURCES\=YES
    export REMOVE_STATIC_EXECUTABLES_FROM_EMBEDDED_BUNDLES\=YES
    export REMOVE_SVN_FROM_RESOURCES\=YES
    export RESCHEDULE_INDEPENDENT_HEADERS_PHASES\=YES
    export REZ_COLLECTOR_DIR\=/Users/krishna/Library/Developer/Xcode/DerivedData/Hrms_-fwmimlbgucwnlkdgjryadaszcdfx/Build/Intermediates.noindex/Pods.build/Debug-iphonesimulator/hermes-engine.build/ResourceManagerResources
    export REZ_OBJECTS_DIR\=/Users/krishna/Library/Developer/Xcode/DerivedData/Hrms_-fwmimlbgucwnlkdgjryadaszcdfx/Build/Intermediates.noindex/Pods.build/Debug-iphonesimulator/hermes-engine.build/ResourceManagerResources/Objects
    export RPATH_ORIGIN\=@loader_path
    export RUNTIME_EXCEPTION_ALLOW_DYLD_ENVIRONMENT_VARIABLES\=NO
    export RUNTIME_EXCEPTION_ALLOW_JIT\=NO
    export RUNTIME_EXCEPTION_ALLOW_UNSIGNED_EXECUTABLE_MEMORY\=NO
    export RUNTIME_EXCEPTION_DEBUGGING_TOOL\=NO
    export RUNTIME_EXCEPTION_DISABLE_EXECUTABLE_PAGE_PROTECTION\=NO
    export RUNTIME_EXCEPTION_DISABLE_LIBRARY_VALIDATION\=NO
    export SCANNING_PCM_KEEP_CACHE_DIRECTORY\=YES
    export SCAN_ALL_SOURCE_FILES_FOR_INCLUDES\=NO
    export SCRIPT_INPUT_FILE_COUNT\=0
    export SCRIPT_INPUT_FILE_LIST_COUNT\=0
    export SCRIPT_OUTPUT_FILE_COUNT\=0
    export SCRIPT_OUTPUT_FILE_LIST_COUNT\=0
    export SDKROOT\=/Applications/Xcode.app/Contents/Developer/Platforms/iPhoneSimulator.platform/Developer/SDKs/iPhoneSimulator26.5.sdk
    export SDK_DIR\=/Applications/Xcode.app/Contents/Developer/Platforms/iPhoneSimulator.platform/Developer/SDKs/iPhoneSimulator26.5.sdk
    export SDK_DIR_iphonesimulator\=/Applications/Xcode.app/Contents/Developer/Platforms/iPhoneSimulator.platform/Developer/SDKs/iPhoneSimulator26.5.sdk
    export SDK_DIR_iphonesimulator26_5\=/Applications/Xcode.app/Contents/Developer/Platforms/iPhoneSimulator.platform/Developer/SDKs/iPhoneSimulator26.5.sdk
    export SDK_NAME\=iphonesimulator26.5
    export SDK_NAMES\=iphonesimulator26.5
    export SDK_PRODUCT_BUILD_VERSION\=23F81a
    export SDK_STAT_CACHE_DIR\=/Users/krishna/Library/Developer/Xcode/DerivedData
    export SDK_STAT_CACHE_ENABLE\=YES
    export SDK_STAT_CACHE_PATH\=/Users/krishna/Library/Developer/Xcode/DerivedData/SDKStatCaches.noindex/iphonesimulator26.5-23F81a-6cfe768891a92b912361537c460fe42b.sdkstatcache
    export SDK_VERSION\=26.5
    export SDK_VERSION_ACTUAL\=260500
    export SDK_VERSION_MAJOR\=260000
    export SDK_VERSION_MINOR\=260500
    export SED\=/usr/bin/sed
    export SEPARATE_STRIP\=NO
    export SEPARATE_SYMBOL_EDIT\=NO
    export SET_DIR_MODE_OWNER_GROUP\=YES
    export SET_FILE_MODE_OWNER_GROUP\=NO
    export SHALLOW_BUNDLE\=NO
    export SHARED_DERIVED_FILE_DIR\=/Users/krishna/Library/Developer/Xcode/DerivedData/Hrms_-fwmimlbgucwnlkdgjryadaszcdfx/Build/Products/Debug-iphonesimulator/hermes-engine/DerivedSources
    export SHARED_PRECOMPS_DIR\=/Users/krishna/Library/Developer/Xcode/DerivedData/Hrms_-fwmimlbgucwnlkdgjryadaszcdfx/Build/Intermediates.noindex/PrecompiledHeaders
    export SKIP_INSTALL\=YES
    export SKIP_MERGEABLE_LIBRARY_BUNDLE_HOOK\=NO
    export SOURCE_ROOT\=/Users/krishna/Desktop/Projects/Manas_/ios/Pods
    export SRCROOT\=/Users/krishna/Desktop/Projects/Manas_/ios/Pods
    export STRINGSDATA_DIR\=/Users/krishna/Library/Developer/Xcode/DerivedData/Hrms_-fwmimlbgucwnlkdgjryadaszcdfx/Build/Intermediates.noindex/Pods.build/Debug-iphonesimulator/hermes-engine.build/Objects-normal/undefined_arch
    export STRINGSDATA_ROOT\=/Users/krishna/Library/Developer/Xcode/DerivedData/Hrms_-fwmimlbgucwnlkdgjryadaszcdfx/Build/Intermediates.noindex/Pods.build/Debug-iphonesimulator/hermes-engine.build
    export STRINGS_FILE_INFOPLIST_RENAME\=YES
    export STRINGS_FILE_OUTPUT_ENCODING\=binary
    export STRING_CATALOG_GENERATE_SYMBOLS\=NO
    export STRIP_BITCODE_FROM_COPIED_FILES\=NO
    export STRIP_INSTALLED_PRODUCT\=NO
    export STRIP_STYLE\=all
    export STRIP_SWIFT_SYMBOLS\=YES
    export SUPPORTED_DEVICE_FAMILIES\=1,2
    export SUPPORTED_PLATFORMS\=iphoneos\ iphonesimulator
    export SUPPORTS_TEXT_BASED_API\=NO
    export SUPPRESS_WARNINGS\=NO
    export SWIFT_ACTIVE_COMPILATION_CONDITIONS\=\ DEBUG
    export SWIFT_EMIT_CONST_VALUE_PROTOCOLS\=AnyResolverProviding\ AppEntity\ AppEnum\ AppExtension\ AppIntent\ AppIntentsPackage\ AppShortcutProviding\ AppShortcutsProvider\ AppUnionValue\ AppUnionValueCasesProviding\ DynamicOptionsProvider\ EntityQuery\ ExtensionPointDefining\ IntentValueQuery\ Resolver\ TransientEntity\ _AssistantIntentsProvider\ _GenerativeFunctionExtractable\ _IntentValueRepresentable
    export SWIFT_EMIT_LOC_STRINGS\=NO
    export SWIFT_ENABLE_EXPLICIT_MODULES\=YES
    export SWIFT_OPTIMIZATION_LEVEL\=-Onone
    export SWIFT_PLATFORM_TARGET_PREFIX\=ios
    export SWIFT_RESPONSE_FILE_PATH_normal_arm64\=/Users/krishna/Library/Developer/Xcode/DerivedData/Hrms_-fwmimlbgucwnlkdgjryadaszcdfx/Build/Intermediates.noindex/Pods.build/Debug-iphonesimulator/hermes-engine.build/Objects-normal/arm64/hermes-engine.SwiftFileList
    export SWIFT_VERSION\=5.0
    export SYMROOT\=/Users/krishna/Library/Developer/Xcode/DerivedData/Hrms_-fwmimlbgucwnlkdgjryadaszcdfx/Build/Products
    export SYSTEM_ADMIN_APPS_DIR\=/Applications/Utilities
    export SYSTEM_APPS_DIR\=/Applications
    export SYSTEM_CORE_SERVICES_DIR\=/System/Library/CoreServices
    export SYSTEM_DEMOS_DIR\=/Applications/Extras
    export SYSTEM_DEVELOPER_APPS_DIR\=/Applications/Xcode.app/Contents/Developer/Applications
    export SYSTEM_DEVELOPER_BIN_DIR\=/Applications/Xcode.app/Contents/Developer/usr/bin
    export SYSTEM_DEVELOPER_DEMOS_DIR\=/Applications/Xcode.app/Contents/Developer/Applications/Utilities/Built\ Examples
    export SYSTEM_DEVELOPER_DIR\=/Applications/Xcode.app/Contents/Developer
    export SYSTEM_DEVELOPER_DOC_DIR\=/Applications/Xcode.app/Contents/Developer/ADC\ Reference\ Library
    export SYSTEM_DEVELOPER_GRAPHICS_TOOLS_DIR\=/Applications/Xcode.app/Contents/Developer/Applications/Graphics\ Tools
    export SYSTEM_DEVELOPER_JAVA_TOOLS_DIR\=/Applications/Xcode.app/Contents/Developer/Applications/Java\ Tools
    export SYSTEM_DEVELOPER_PERFORMANCE_TOOLS_DIR\=/Applications/Xcode.app/Contents/Developer/Applications/Performance\ Tools
    export SYSTEM_DEVELOPER_RELEASENOTES_DIR\=/Applications/Xcode.app/Contents/Developer/ADC\ Reference\ Library/releasenotes
    export SYSTEM_DEVELOPER_TOOLS\=/Applications/Xcode.app/Contents/Developer/Tools
    export SYSTEM_DEVELOPER_TOOLS_DOC_DIR\=/Applications/Xcode.app/Contents/Developer/ADC\ Reference\ Library/documentation/DeveloperTools
    export SYSTEM_DEVELOPER_TOOLS_RELEASENOTES_DIR\=/Applications/Xcode.app/Contents/Developer/ADC\ Reference\ Library/releasenotes/DeveloperTools
    export SYSTEM_DEVELOPER_USR_DIR\=/Applications/Xcode.app/Contents/Developer/usr
    export SYSTEM_DEVELOPER_UTILITIES_DIR\=/Applications/Xcode.app/Contents/Developer/Applications/Utilities
    export SYSTEM_DEXT_INSTALL_PATH\=/System/Library/DriverExtensions
    export SYSTEM_DOCUMENTATION_DIR\=/Library/Documentation
    export SYSTEM_KEXT_INSTALL_PATH\=/System/Library/Extensions
    export SYSTEM_LIBRARY_DIR\=/System/Library
    export TAPI_DEMANGLE\=YES
    export TAPI_ENABLE_PROJECT_HEADERS\=NO
    export TAPI_LANGUAGE\=objective-c
    export TAPI_LANGUAGE_STANDARD\=compiler-default
    export TAPI_USE_SRCROOT\=YES
    export TAPI_VERIFY_MODE\=Pedantic
    export TARGETED_DEVICE_FAMILY\=1,2
    export TARGETNAME\=hermes-engine
    export TARGET_BUILD_DIR\=/Users/krishna/Library/Developer/Xcode/DerivedData/Hrms_-fwmimlbgucwnlkdgjryadaszcdfx/Build/Products/Debug-iphonesimulator/hermes-engine
    export TARGET_DEVICE_IDENTIFIER\=A72E61B4-8643-4356-8A98-9D8212DB0568
    export TARGET_DEVICE_MODEL\=iPhone18,1
    export TARGET_DEVICE_OS_VERSION\=26.5
    export TARGET_DEVICE_PLATFORM_NAME\=iphonesimulator
    export TARGET_NAME\=hermes-engine
    export TARGET_TEMP_DIR\=/Users/krishna/Library/Developer/Xcode/DerivedData/Hrms_-fwmimlbgucwnlkdgjryadaszcdfx/Build/Intermediates.noindex/Pods.build/Debug-iphonesimulator/hermes-engine.build
    export TEMP_DIR\=/Users/krishna/Library/Developer/Xcode/DerivedData/Hrms_-fwmimlbgucwnlkdgjryadaszcdfx/Build/Intermediates.noindex/Pods.build/Debug-iphonesimulator/hermes-engine.build
    export TEMP_FILES_DIR\=/Users/krishna/Library/Developer/Xcode/DerivedData/Hrms_-fwmimlbgucwnlkdgjryadaszcdfx/Build/Intermediates.noindex/Pods.build/Debug-iphonesimulator/hermes-engine.build
    export TEMP_FILE_DIR\=/Users/krishna/Library/Developer/Xcode/DerivedData/Hrms_-fwmimlbgucwnlkdgjryadaszcdfx/Build/Intermediates.noindex/Pods.build/Debug-iphonesimulator/hermes-engine.build
    export TEMP_ROOT\=/Users/krishna/Library/Developer/Xcode/DerivedData/Hrms_-fwmimlbgucwnlkdgjryadaszcdfx/Build/Intermediates.noindex
    export TEMP_SANDBOX_DIR\=/Users/krishna/Library/Developer/Xcode/DerivedData/Hrms_-fwmimlbgucwnlkdgjryadaszcdfx/Build/Intermediates.noindex/TemporaryTaskSandboxes
    export TEST_FRAMEWORK_SEARCH_PATHS\=\ /Applications/Xcode.app/Contents/Developer/Platforms/iPhoneSimulator.platform/Developer/Library/Frameworks\ /Applications/Xcode.app/Contents/Developer/Platforms/iPhoneSimulator.platform/Developer/SDKs/iPhoneSimulator26.5.sdk/Developer/Library/Frameworks
    export TEST_LIBRARY_SEARCH_PATHS\=\ /Applications/Xcode.app/Contents/Developer/Platforms/iPhoneSimulator.platform/Developer/usr/lib
    export TOOLCHAINS\=com.apple.dt.toolchain.XcodeDefault
    export TOOLCHAIN_DIR\=/Applications/Xcode.app/Contents/Developer/Toolchains/XcodeDefault.xctoolchain
    export TREAT_MISSING_BASELINES_AS_TEST_FAILURES\=NO
    export TREAT_MISSING_SCRIPT_PHASE_OUTPUTS_AS_ERRORS\=NO
    export UID\=501
    export UNINSTALLED_PRODUCTS_DIR\=/Users/krishna/Library/Developer/Xcode/DerivedData/Hrms_-fwmimlbgucwnlkdgjryadaszcdfx/Build/Intermediates.noindex/UninstalledProducts
    export UNSTRIPPED_PRODUCT\=NO
    export USER\=krishna
    export USER_APPS_DIR\=/Users/krishna/Applications
    export USER_LIBRARY_DIR\=/Users/krishna/Library
    export USE_DYNAMIC_NO_PIC\=YES
    export USE_HEADERMAP\=YES
    export USE_HEADER_SYMLINKS\=NO
    export USE_HERMES\=true
    export USE_RECURSIVE_SCRIPT_INPUTS_IN_SCRIPT_PHASES\=YES
    export VALIDATE_DEVELOPMENT_ASSET_PATHS\=YES_ERROR
    export VALIDATE_PRODUCT\=NO
    export VALID_ARCHS\=arm64\ x86_64
    export VERBOSE_PBXCP\=NO
    export VERSION_INFO_BUILDER\=krishna
    export VERSION_INFO_FILE\=hermes-engine_vers.c
    export VERSION_INFO_STRING\=\"@\(\#\)PROGRAM:hermes-engine\ \ PROJECT:Pods-\"
    export WORKSPACE_DIR\=/Users/krishna/Desktop/Projects/Manas_/ios
    export WRAP_ASSET_PACKS_IN_SEPARATE_DIRECTORIES\=NO
    export XCODE_APP_SUPPORT_DIR\=/Applications/Xcode.app/Contents/Developer/Library/Xcode
    export XCODE_PRODUCT_BUILD_VERSION\=17F113
    export XCODE_VERSION_ACTUAL\=2660
    export XCODE_VERSION_MAJOR\=2600
    export XCODE_VERSION_MINOR\=2660
    export XPCSERVICES_FOLDER_PATH\=/XPCServices
    export YACC\=yacc
    export _DISCOVER_COMMAND_LINE_LINKER_INPUTS\=YES
    export _DISCOVER_COMMAND_LINE_LINKER_INPUTS_INCLUDE_WL\=YES
    export _LD_MULTIARCH\=YES
    export __DIAGNOSE_DEPRECATED_ARCHS\=YES
    export __ORIGINAL_SDK_DEFINED_LLVM_TARGET_TRIPLE_SYS\=ios
    export arch\=undefined_arch
    export variant\=normal
    /bin/sh -c /Users/krishna/Library/Developer/Xcode/DerivedData/Hrms_-fwmimlbgucwnlkdgjryadaszcdfx/Build/Intermediates.noindex/Pods.build/Debug-iphonesimulator/hermes-engine.build/Script-46EB2E00028EA0.sh

debug Node found at: /opt/homebrew/Cellar/node@22/22.22.3/bin/node
No previous build detected, but Debug Configuration. No need to replace Hermes engine

debug 
ProcessInfoPlistFile /Users/krishna/Library/Developer/Xcode/DerivedData/Hrms_-fwmimlbgucwnlkdgjryadaszcdfx/Build/Products/Debug-iphonesimulator/React-Core/React-Core_privacy.bundle/Info.plist /Users/krishna/Desktop/Projects/Manas_/ios/Pods/Target\ Support\ Files/React-Core/ResourceBundle-React-Core_privacy-React-Core-Info.plist (in target 'React-Core-React-Core_privacy' from project 'Pods')
    cd /Users/krishna/Desktop/Projects/Manas_/ios/Pods
    builtin-infoPlistUtility /Users/krishna/Desktop/Projects/Manas_/ios/Pods/Target\ Support\ Files/React-Core/ResourceBundle-React-Core_privacy-React-Core-Info.plist -producttype com.apple.product-type.bundle -expandbuildsettings -format binary -platform iphonesimulator -o /Users/krishna/Library/Developer/Xcode/DerivedData/Hrms_-fwmimlbgucwnlkdgjryadaszcdfx/Build/Products/Debug-iphonesimulator/React-Core/React-Core_privacy.bundle/Info.plist

ProcessInfoPlistFile /Users/krishna/Library/Developer/Xcode/DerivedData/Hrms_-fwmimlbgucwnlkdgjryadaszcdfx/Build/Products/Debug-iphonesimulator/RNCAsyncStorage/RNCAsyncStorage_resources.bundle/Info.plist /Users/krishna/Desktop/Projects/Manas_/ios/Pods/Target\ Support\ Files/RNCAsyncStorage/ResourceBundle-RNCAsyncStorage_resources-RNCAsyncStorage-Info.plist (in target 'RNCAsyncStorage-RNCAsyncStorage_resources' from project 'Pods')
    cd /Users/krishna/Desktop/Projects/Manas_/ios/Pods
    builtin-infoPlistUtility /Users/krishna/Desktop/Projects/Manas_/ios/Pods/Target\ Support\ Files/RNCAsyncStorage/ResourceBundle-RNCAsyncStorage_resources-RNCAsyncStorage-Info.plist -producttype com.apple.product-type.bundle -expandbuildsettings -format binary -platform iphonesimulator -o /Users/krishna/Library/Developer/Xcode/DerivedData/Hrms_-fwmimlbgucwnlkdgjryadaszcdfx/Build/Products/Debug-iphonesimulator/RNCAsyncStorage/RNCAsyncStorage_resources.bundle/Info.plist

ProcessInfoPlistFile /Users/krishna/Library/Developer/Xcode/DerivedData/Hrms_-fwmimlbgucwnlkdgjryadaszcdfx/Build/Products/Debug-iphonesimulator/FirebaseCore/FirebaseCore_Privacy.bundle/Info.plist /Users/krishna/Desktop/Projects/Manas_/ios/Pods/Target\ Support\ Files/FirebaseCore/ResourceBundle-FirebaseCore_Privacy-FirebaseCore-Info.plist (in target 'FirebaseCore-FirebaseCore_Privacy' from project 'Pods')
    cd /Users/krishna/Desktop/Projects/Manas_/ios/Pods
    builtin-infoPlistUtility /Users/krishna/Desktop/Projects/Manas_/ios/Pods/Target\ Support\ Files/FirebaseCore/ResourceBundle-FirebaseCore_Privacy-FirebaseCore-Info.plist -producttype com.apple.product-type.bundle -expandbuildsettings -format binary -platform iphonesimulator -o /Users/krishna/Library/Developer/Xcode/DerivedData/Hrms_-fwmimlbgucwnlkdgjryadaszcdfx/Build/Products/Debug-iphonesimulator/FirebaseCore/FirebaseCore_Privacy.bundle/Info.plist

ProcessInfoPlistFile /Users/krishna/Library/Developer/Xcode/DerivedData/Hrms_-fwmimlbgucwnlkdgjryadaszcdfx/Build/Products/Debug-iphonesimulator/RNPermissions/RNPermissionsPrivacyInfo.bundle/Info.plist /Users/krishna/Desktop/Projects/Manas_/ios/Pods/Target\ Support\ Files/RNPermissions/ResourceBundle-RNPermissionsPrivacyInfo-RNPermissions-Info.plist (in target 'RNPermissions-RNPermissionsPrivacyInfo' from project 'Pods')
    cd /Users/krishna/Desktop/Projects/Manas_/ios/Pods
    builtin-infoPlistUtility /Users/krishna/Desktop/Projects/Manas_/ios/Pods/Target\ Support\ Files/RNPermissions/ResourceBundle-RNPermissionsPrivacyInfo-RNPermissions-Info.plist -producttype com.apple.product-type.bundle -expandbuildsettings -format binary -platform iphonesimulator -o /Users/krishna/Library/Developer/Xcode/DerivedData/Hrms_-fwmimlbgucwnlkdgjryadaszcdfx/Build/Products/Debug-iphonesimulator/RNPermissions/RNPermissionsPrivacyInfo.bundle/Info.plist

ProcessInfoPlistFile /Users/krishna/Library/Developer/Xcode/DerivedData/Hrms_-fwmimlbgucwnlkdgjryadaszcdfx/Build/Products/Debug-iphonesimulator/React-cxxreact/React-cxxreact_privacy.bundle/Info.plist /Users/krishna/Desktop/Projects/Manas_/ios/Pods/Target\ Support\ Files/React-cxxreact/ResourceBundle-React-cxxreact_privacy-React-cxxreact-Info.plist (in target 'React-cxxreact-React-cxxreact_privacy' from project 'Pods')
    cd /Users/krishna/Desktop/Projects/Manas_/ios/Pods
    builtin-infoPlistUtility /Users/krishna/Desktop/Projects/Manas_/ios/Pods/Target\ Support\ Files/React-cxxreact/ResourceBundle-React-cxxreact_privacy-React-cxxreact-Info.plist -producttype com.apple.product-type.bundle -expandbuildsettings -format binary -platform iphonesimulator -o /Users/krishna/Library/Developer/Xcode/DerivedData/Hrms_-fwmimlbgucwnlkdgjryadaszcdfx/Build/Products/Debug-iphonesimulator/React-cxxreact/React-cxxreact_privacy.bundle/Info.plist

ProcessInfoPlistFile /Users/krishna/Library/Developer/Xcode/DerivedData/Hrms_-fwmimlbgucwnlkdgjryadaszcdfx/Build/Products/Debug-iphonesimulator/FirebaseCoreExtension/FirebaseCoreExtension_Privacy.bundle/Info.plist /Users/krishna/Desktop/Projects/Manas_/ios/Pods/Target\ Support\ Files/FirebaseCoreExtension/ResourceBundle-FirebaseCoreExtension_Privacy-FirebaseCoreExtension-Info.plist (in target 'FirebaseCoreExtension-FirebaseCoreExtension_Privacy' from project 'Pods')
    cd /Users/krishna/Desktop/Projects/Manas_/ios/Pods
    builtin-infoPlistUtility /Users/krishna/Desktop/Projects/Manas_/ios/Pods/Target\ Support\ Files/FirebaseCoreExtension/ResourceBundle-FirebaseCoreExtension_Privacy-FirebaseCoreExtension-Info.plist -producttype com.apple.product-type.bundle -expandbuildsettings -format binary -platform iphonesimulator -o /Users/krishna/Library/Developer/Xcode/DerivedData/Hrms_-fwmimlbgucwnlkdgjryadaszcdfx/Build/Products/Debug-iphonesimulator/FirebaseCoreExtension/FirebaseCoreExtension_Privacy.bundle/Info.plist

ProcessInfoPlistFile /Users/krishna/Library/Developer/Xcode/DerivedData/Hrms_-fwmimlbgucwnlkdgjryadaszcdfx/Build/Products/Debug-iphonesimulator/nanopb/nanopb_Privacy.bundle/Info.plist /Users/krishna/Desktop/Projects/Manas_/ios/Pods/Target\ Support\ Files/nanopb/ResourceBundle-nanopb_Privacy-nanopb-Info.plist (in target 'nanopb-nanopb_Privacy' from project 'Pods')
    cd /Users/krishna/Desktop/Projects/Manas_/ios/Pods
    builtin-infoPlistUtility /Users/krishna/Desktop/Projects/Manas_/ios/Pods/Target\ Support\ Files/nanopb/ResourceBundle-nanopb_Privacy-nanopb-Info.plist -producttype com.apple.product-type.bundle -expandbuildsettings -format binary -platform iphonesimulator -o /Users/krishna/Library/Developer/Xcode/DerivedData/Hrms_-fwmimlbgucwnlkdgjryadaszcdfx/Build/Products/Debug-iphonesimulator/nanopb/nanopb_Privacy.bundle/Info.plist

ProcessInfoPlistFile /Users/krishna/Library/Developer/Xcode/DerivedData/Hrms_-fwmimlbgucwnlkdgjryadaszcdfx/Build/Products/Debug-iphonesimulator/glog/glog_privacy.bundle/Info.plist /Users/krishna/Desktop/Projects/Manas_/ios/Pods/Target\ Support\ Files/glog/ResourceBundle-glog_privacy-glog-Info.plist (in target 'glog-glog_privacy' from project 'Pods')
    cd /Users/krishna/Desktop/Projects/Manas_/ios/Pods
    builtin-infoPlistUtility /Users/krishna/Desktop/Projects/Manas_/ios/Pods/Target\ Support\ Files/glog/ResourceBundle-glog_privacy-glog-Info.plist -producttype com.apple.product-type.bundle -expandbuildsettings -format binary -platform iphonesimulator -o /Users/krishna/Library/Developer/Xcode/DerivedData/Hrms_-fwmimlbgucwnlkdgjryadaszcdfx/Build/Products/Debug-iphonesimulator/glog/glog_privacy.bundle/Info.plist

ProcessInfoPlistFile /Users/krishna/Library/Developer/Xcode/DerivedData/Hrms_-fwmimlbgucwnlkdgjryadaszcdfx/Build/Products/Debug-iphonesimulator/boost/boost_privacy.bundle/Info.plist /Users/krishna/Desktop/Projects/Manas_/ios/Pods/Target\ Support\ Files/boost/ResourceBundle-boost_privacy-boost-Info.plist (in target 'boost-boost_privacy' from project 'Pods')
    cd /Users/krishna/Desktop/Projects/Manas_/ios/Pods
    builtin-infoPlistUtility /Users/krishna/Desktop/Projects/Manas_/ios/Pods/Target\ Support\ Files/boost/ResourceBundle-boost_privacy-boost-Info.plist -producttype com.apple.product-type.bundle -expandbuildsettings -format binary -platform iphonesimulator -o /Users/krishna/Library/Developer/Xcode/DerivedData/Hrms_-fwmimlbgucwnlkdgjryadaszcdfx/Build/Products/Debug-iphonesimulator/boost/boost_privacy.bundle/Info.plist

ProcessInfoPlistFile /Users/krishna/Library/Developer/Xcode/DerivedData/Hrms_-fwmimlbgucwnlkdgjryadaszcdfx/Build/Products/Debug-iphonesimulator/RCT-Folly/RCT-Folly_privacy.bundle/Info.plist /Users/krishna/Desktop/Projects/Manas_/ios/Pods/Target\ Support\ Files/RCT-Folly/ResourceBundle-RCT-Folly_privacy-RCT-Folly-Info.plist (in target 'RCT-Folly-RCT-Folly_privacy' from project 'Pods')
    cd /Users/krishna/Desktop/Projects/Manas_/ios/Pods
    builtin-infoPlistUtility /Users/krishna/Desktop/Projects/Manas_/ios/Pods/Target\ Support\ Files/RCT-Folly/ResourceBundle-RCT-Folly_privacy-RCT-Folly-Info.plist -producttype com.apple.product-type.bundle -expandbuildsettings -format binary -platform iphonesimulator -o /Users/krishna/Library/Developer/Xcode/DerivedData/Hrms_-fwmimlbgucwnlkdgjryadaszcdfx/Build/Products/Debug-iphonesimulator/RCT-Folly/RCT-Folly_privacy.bundle/Info.plist

ProcessInfoPlistFile /Users/krishna/Library/Developer/Xcode/DerivedData/Hrms_-fwmimlbgucwnlkdgjryadaszcdfx/Build/Products/Debug-iphonesimulator/PromisesObjC/FBLPromises_Privacy.bundle/Info.plist /Users/krishna/Desktop/Projects/Manas_/ios/Pods/Target\ Support\ Files/PromisesObjC/ResourceBundle-FBLPromises_Privacy-PromisesObjC-Info.plist (in target 'PromisesObjC-FBLPromises_Privacy' from project 'Pods')
    cd /Users/krishna/Desktop/Projects/Manas_/ios/Pods
    builtin-infoPlistUtility /Users/krishna/Desktop/Projects/Manas_/ios/Pods/Target\ Support\ Files/PromisesObjC/ResourceBundle-FBLPromises_Privacy-PromisesObjC-Info.plist -producttype com.apple.product-type.bundle -expandbuildsettings -format binary -platform iphonesimulator -o /Users/krishna/Library/Developer/Xcode/DerivedData/Hrms_-fwmimlbgucwnlkdgjryadaszcdfx/Build/Products/Debug-iphonesimulator/PromisesObjC/FBLPromises_Privacy.bundle/Info.plist

ProcessInfoPlistFile /Users/krishna/Library/Developer/Xcode/DerivedData/Hrms_-fwmimlbgucwnlkdgjryadaszcdfx/Build/Products/Debug-iphonesimulator/GoogleUtilities/GoogleUtilities_Privacy.bundle/Info.plist /Users/krishna/Desktop/Projects/Manas_/ios/Pods/Target\ Support\ Files/GoogleUtilities/ResourceBundle-GoogleUtilities_Privacy-GoogleUtilities-Info.plist (in target 'GoogleUtilities-GoogleUtilities_Privacy' from project 'Pods')
    cd /Users/krishna/Desktop/Projects/Manas_/ios/Pods
    builtin-infoPlistUtility /Users/krishna/Desktop/Projects/Manas_/ios/Pods/Target\ Support\ Files/GoogleUtilities/ResourceBundle-GoogleUtilities_Privacy-GoogleUtilities-Info.plist -producttype com.apple.product-type.bundle -expandbuildsettings -format binary -platform iphonesimulator -o /Users/krishna/Library/Developer/Xcode/DerivedData/Hrms_-fwmimlbgucwnlkdgjryadaszcdfx/Build/Products/Debug-iphonesimulator/GoogleUtilities/GoogleUtilities_Privacy.bundle/Info.plist

ProcessInfoPlistFile /Users/krishna/Library/Developer/Xcode/DerivedData/Hrms_-fwmimlbgucwnlkdgjryadaszcdfx/Build/Products/Debug-iphonesimulator/GoogleDataTransport/GoogleDataTransport_Privacy.bundle/Info.plist /Users/krishna/Desktop/Projects/Manas_/ios/Pods/Target\ Support\ Files/GoogleDataTransport/ResourceBundle-GoogleDataTransport_Privacy-GoogleDataTransport-Info.plist (in target 'GoogleDataTransport-GoogleDataTransport_Privacy' from project 'Pods')
    cd /Users/krishna/Desktop/Projects/Manas_/ios/Pods
    builtin-infoPlistUtility /Users/krishna/Desktop/Projects/Manas_/ios/Pods/Target\ Support\ Files/GoogleDataTransport/ResourceBundle-GoogleDataTransport_Privacy-GoogleDataTransport-Info.plist -producttype com.apple.product-type.bundle -expandbuildsettings -format binary -platform iphonesimulator -o /Users/krishna/Library/Developer/Xcode/DerivedData/Hrms_-fwmimlbgucwnlkdgjryadaszcdfx/Build/Products/Debug-iphonesimulator/GoogleDataTransport/GoogleDataTransport_Privacy.bundle/Info.plist

ProcessInfoPlistFile /Users/krishna/Library/Developer/Xcode/DerivedData/Hrms_-fwmimlbgucwnlkdgjryadaszcdfx/Build/Products/Debug-iphonesimulator/FirebaseMessaging/FirebaseMessaging_Privacy.bundle/Info.plist /Users/krishna/Desktop/Projects/Manas_/ios/Pods/Target\ Support\ Files/FirebaseMessaging/ResourceBundle-FirebaseMessaging_Privacy-FirebaseMessaging-Info.plist (in target 'FirebaseMessaging-FirebaseMessaging_Privacy' from project 'Pods')
    cd /Users/krishna/Desktop/Projects/Manas_/ios/Pods
    builtin-infoPlistUtility /Users/krishna/Desktop/Projects/Manas_/ios/Pods/Target\ Support\ Files/FirebaseMessaging/ResourceBundle-FirebaseMessaging_Privacy-FirebaseMessaging-Info.plist -producttype com.apple.product-type.bundle -expandbuildsettings -format binary -platform iphonesimulator -o /Users/krishna/Library/Developer/Xcode/DerivedData/Hrms_-fwmimlbgucwnlkdgjryadaszcdfx/Build/Products/Debug-iphonesimulator/FirebaseMessaging/FirebaseMessaging_Privacy.bundle/Info.plist

ProcessInfoPlistFile /Users/krishna/Library/Developer/Xcode/DerivedData/Hrms_-fwmimlbgucwnlkdgjryadaszcdfx/Build/Products/Debug-iphonesimulator/FirebaseInstallations/FirebaseInstallations_Privacy.bundle/Info.plist /Users/krishna/Desktop/Projects/Manas_/ios/Pods/Target\ Support\ Files/FirebaseInstallations/ResourceBundle-FirebaseInstallations_Privacy-FirebaseInstallations-Info.plist (in target 'FirebaseInstallations-FirebaseInstallations_Privacy' from project 'Pods')
    cd /Users/krishna/Desktop/Projects/Manas_/ios/Pods
    builtin-infoPlistUtility /Users/krishna/Desktop/Projects/Manas_/ios/Pods/Target\ Support\ Files/FirebaseInstallations/ResourceBundle-FirebaseInstallations_Privacy-FirebaseInstallations-Info.plist -producttype com.apple.product-type.bundle -expandbuildsettings -format binary -platform iphonesimulator -o /Users/krishna/Library/Developer/Xcode/DerivedData/Hrms_-fwmimlbgucwnlkdgjryadaszcdfx/Build/Products/Debug-iphonesimulator/FirebaseInstallations/FirebaseInstallations_Privacy.bundle/Info.plist

ProcessInfoPlistFile /Users/krishna/Library/Developer/Xcode/DerivedData/Hrms_-fwmimlbgucwnlkdgjryadaszcdfx/Build/Products/Debug-iphonesimulator/FirebaseCoreInternal/FirebaseCoreInternal_Privacy.bundle/Info.plist /Users/krishna/Desktop/Projects/Manas_/ios/Pods/Target\ Support\ Files/FirebaseCoreInternal/ResourceBundle-FirebaseCoreInternal_Privacy-FirebaseCoreInternal-Info.plist (in target 'FirebaseCoreInternal-FirebaseCoreInternal_Privacy' from project 'Pods')
    cd /Users/krishna/Desktop/Projects/Manas_/ios/Pods
    builtin-infoPlistUtility /Users/krishna/Desktop/Projects/Manas_/ios/Pods/Target\ Support\ Files/FirebaseCoreInternal/ResourceBundle-FirebaseCoreInternal_Privacy-FirebaseCoreInternal-Info.plist -producttype com.apple.product-type.bundle -expandbuildsettings -format binary -platform iphonesimulator -o /Users/krishna/Library/Developer/Xcode/DerivedData/Hrms_-fwmimlbgucwnlkdgjryadaszcdfx/Build/Products/Debug-iphonesimulator/FirebaseCoreInternal/FirebaseCoreInternal_Privacy.bundle/Info.plist

Copy /Users/krishna/Library/Developer/Xcode/DerivedData/Hrms_-fwmimlbgucwnlkdgjryadaszcdfx/Build/Products/Debug-iphonesimulator/FirebaseCoreInternal/FirebaseCoreInternal.swiftmodule/arm64-apple-ios-simulator.swiftdoc /Users/krishna/Library/Developer/Xcode/DerivedData/Hrms_-fwmimlbgucwnlkdgjryadaszcdfx/Build/Intermediates.noindex/Pods.build/Debug-iphonesimulator/FirebaseCoreInternal.build/Objects-normal/arm64/FirebaseCoreInternal.swiftdoc (in target 'FirebaseCoreInternal' from project 'Pods')
    cd /Users/krishna/Desktop/Projects/Manas_/ios/Pods
    builtin-copy -exclude .DS_Store -exclude CVS -exclude .svn -exclude .git -exclude .hg -resolve-src-symlinks -rename /Users/krishna/Library/Developer/Xcode/DerivedData/Hrms_-fwmimlbgucwnlkdgjryadaszcdfx/Build/Intermediates.noindex/Pods.build/Debug-iphonesimulator/FirebaseCoreInternal.build/Objects-normal/arm64/FirebaseCoreInternal.swiftdoc /Users/krishna/Library/Developer/Xcode/DerivedData/Hrms_-fwmimlbgucwnlkdgjryadaszcdfx/Build/Products/Debug-iphonesimulator/FirebaseCoreInternal/FirebaseCoreInternal.swiftmodule/arm64-apple-ios-simulator.swiftdoc

SwiftMergeGeneratedHeaders /Users/krishna/Library/Developer/Xcode/DerivedData/Hrms_-fwmimlbgucwnlkdgjryadaszcdfx/Build/Intermediates.noindex/Pods.build/Debug-iphonesimulator/FirebaseCoreInternal.build/DerivedSources/FirebaseCoreInternal-Swift.h /Users/krishna/Library/Developer/Xcode/DerivedData/Hrms_-fwmimlbgucwnlkdgjryadaszcdfx/Build/Intermediates.noindex/Pods.build/Debug-iphonesimulator/FirebaseCoreInternal.build/Objects-normal/arm64/FirebaseCoreInternal-Swift.h (in target 'FirebaseCoreInternal' from project 'Pods')
    cd /Users/krishna/Desktop/Projects/Manas_/ios/Pods
    builtin-swiftHeaderTool -arch arm64 /Users/krishna/Library/Developer/Xcode/DerivedData/Hrms_-fwmimlbgucwnlkdgjryadaszcdfx/Build/Intermediates.noindex/Pods.build/Debug-iphonesimulator/FirebaseCoreInternal.build/Objects-normal/arm64/FirebaseCoreInternal-Swift.h -o /Users/krishna/Library/Developer/Xcode/DerivedData/Hrms_-fwmimlbgucwnlkdgjryadaszcdfx/Build/Intermediates.noindex/Pods.build/Debug-iphonesimulator/FirebaseCoreInternal.build/DerivedSources/FirebaseCoreInternal-Swift.h

Copy /Users/krishna/Library/Developer/Xcode/DerivedData/Hrms_-fwmimlbgucwnlkdgjryadaszcdfx/Build/Products/Debug-iphonesimulator/FirebaseCoreInternal/FirebaseCoreInternal.swiftmodule/arm64-apple-ios-simulator.abi.json /Users/krishna/Library/Developer/Xcode/DerivedData/Hrms_-fwmimlbgucwnlkdgjryadaszcdfx/Build/Intermediates.noindex/Pods.build/Debug-iphonesimulator/FirebaseCoreInternal.build/Objects-normal/arm64/FirebaseCoreInternal.abi.json (in target 'FirebaseCoreInternal' from project 'Pods')
    cd /Users/krishna/Desktop/Projects/Manas_/ios/Pods
    builtin-copy -exclude .DS_Store -exclude CVS -exclude .svn -exclude .git -exclude .hg -resolve-src-symlinks -rename /Users/krishna/Library/Developer/Xcode/DerivedData/Hrms_-fwmimlbgucwnlkdgjryadaszcdfx/Build/Intermediates.noindex/Pods.build/Debug-iphonesimulator/FirebaseCoreInternal.build/Objects-normal/arm64/FirebaseCoreInternal.abi.json /Users/krishna/Library/Developer/Xcode/DerivedData/Hrms_-fwmimlbgucwnlkdgjryadaszcdfx/Build/Products/Debug-iphonesimulator/FirebaseCoreInternal/FirebaseCoreInternal.swiftmodule/arm64-apple-ios-simulator.abi.json

debug 
Copy /Users/krishna/Library/Developer/Xcode/DerivedData/Hrms_-fwmimlbgucwnlkdgjryadaszcdfx/Build/Products/Debug-iphonesimulator/FirebaseCoreInternal/FirebaseCoreInternal.swiftmodule/arm64-apple-ios-simulator.swiftmodule /Users/krishna/Library/Developer/Xcode/DerivedData/Hrms_-fwmimlbgucwnlkdgjryadaszcdfx/Build/Intermediates.noindex/Pods.build/Debug-iphonesimulator/FirebaseCoreInternal.build/Objects-normal/arm64/FirebaseCoreInternal.swiftmodule (in target 'FirebaseCoreInternal' from project 'Pods')
    cd /Users/krishna/Desktop/Projects/Manas_/ios/Pods
    builtin-copy -exclude .DS_Store -exclude CVS -exclude .svn -exclude .git -exclude .hg -resolve-src-symlinks -rename /Users/krishna/Library/Developer/Xcode/DerivedData/Hrms_-fwmimlbgucwnlkdgjryadaszcdfx/Build/Intermediates.noindex/Pods.build/Debug-iphonesimulator/FirebaseCoreInternal.build/Objects-normal/arm64/FirebaseCoreInternal.swiftmodule /Users/krishna/Library/Developer/Xcode/DerivedData/Hrms_-fwmimlbgucwnlkdgjryadaszcdfx/Build/Products/Debug-iphonesimulator/FirebaseCoreInternal/FirebaseCoreInternal.swiftmodule/arm64-apple-ios-simulator.swiftmodule

ScanDependencies /Users/krishna/Library/Developer/Xcode/DerivedData/Hrms_-fwmimlbgucwnlkdgjryadaszcdfx/Build/Intermediates.noindex/Pods.build/Debug-iphonesimulator/PromisesObjC.build/Objects-normal/arm64/FBLPromise+All.o /Users/krishna/Desktop/Projects/Manas_/ios/Pods/PromisesObjC/Sources/FBLPromises/FBLPromise+All.m normal arm64 objective-c com.apple.compilers.llvm.clang.1_0.compiler (in target 'PromisesObjC' from project 'Pods')
    cd /Users/krishna/Desktop/Projects/Manas_/ios/Pods
    
    Using response file: /Users/krishna/Library/Developer/Xcode/DerivedData/Hrms_-fwmimlbgucwnlkdgjryadaszcdfx/Build/Intermediates.noindex/Pods.build/Debug-iphonesimulator/PromisesObjC.build/Objects-normal/arm64/e6072d4f65d7061329687fe24e3d63a7-common-args.resp
    
    builtin-ScanDependencies -o /Users/krishna/Library/Developer/Xcode/DerivedData/Hrms_-fwmimlbgucwnlkdgjryadaszcdfx/Build/Intermediates.noindex/Pods.build/Debug-iphonesimulator/PromisesObjC.build/Objects-normal/arm64/FBLPromise+All.o.scan -- /Applications/Xcode.app/Contents/Developer/Toolchains/XcodeDefault.xctoolchain/usr/bin/clang -x objective-c -ivfsstatcache /Users/krishna/Library/Developer/Xcode/DerivedData/SDKStatCaches.noindex/iphonesimulator26.5-23F81a-6cfe768891a92b912361537c460fe42b.sdkstatcache -target arm64-apple-ios15.1-simulator -fmessage-length\=0 -fdiagnostics-show-note-include-stack -fmacro-backtrace-limit\=0 -fno-color-diagnostics -fmodules-prune-interval\=86400 -fmodules-prune-after\=345600 -fbuild-session-file\=/Users/krishna/Library/Developer/Xcode/DerivedData/ModuleCache.noindex/Session.modulevalidation -fmodules-validate-once-per-build-session -Wnon-modular-include-in-framework-module -Werror\=non-modular-include-in-framework-module -Wno-trigraphs -Wno-missing-field-initializers -Wno-missing-prototypes -Werror\=return-type -Wdocumentation -Wunreachable-code -Wno-implicit-atomic-properties -Werror\=deprecated-objc-isa-usage -Wno-objc-interface-ivars -Werror\=objc-root-class -Wno-arc-repeated-use-of-weak -Wimplicit-retain-self -Wduplicate-method-match -Wno-missing-braces -Wparentheses -Wswitch -Wunused-function -Wno-unused-label -Wno-unused-parameter -Wunused-variable -Wunused-value -Wempty-body -Wuninitialized -Wconditional-uninitialized -Wno-unknown-pragmas -Wno-shadow -Wno-four-char-constants -Wno-conversion -Wconstant-conversion -Wint-conversion -Wbool-conversion -Wenum-conversion -Wno-float-conversion -Wnon-literal-null-conversion -Wobjc-literal-conversion -Wshorten-64-to-32 -Wpointer-sign -Wno-newline-eof -Wno-selector -Wno-strict-selector-match -Wundeclared-selector -Wdeprecated-implementations -Wno-implicit-fallthrough -isysroot /Applications/Xcode.app/Contents/Developer/Platforms/iPhoneSimulator.platform/Developer/SDKs/iPhoneSimulator26.5.sdk -fstrict-aliasing -Wprotocol -Wdeprecated-declarations -Wno-sign-conversion -Winfinite-recursion -Wcomma -Wblock-capture-autoreleasing -Wstrict-prototypes -Wno-semicolon-before-method-body -Wunguarded-availability -index-store-path /Users/krishna/Library/Developer/Xcode/DerivedData/Hrms_-fwmimlbgucwnlkdgjryadaszcdfx/Index.noindex/DataStore @/Users/krishna/Library/Developer/Xcode/DerivedData/Hrms_-fwmimlbgucwnlkdgjryadaszcdfx/Build/Intermediates.noindex/Pods.build/Debug-iphonesimulator/PromisesObjC.build/Objects-normal/arm64/e6072d4f65d7061329687fe24e3d63a7-common-args.resp -MMD -MT dependencies -MF /Users/krishna/Library/Developer/Xcode/DerivedData/Hrms_-fwmimlbgucwnlkdgjryadaszcdfx/Build/Intermediates.noindex/Pods.build/Debug-iphonesimulator/PromisesObjC.build/Objects-normal/arm64/FBLPromise+All.d --serialize-diagnostics /Users/krishna/Library/Developer/Xcode/DerivedData/Hrms_-fwmimlbgucwnlkdgjryadaszcdfx/Build/Intermediates.noindex/Pods.build/Debug-iphonesimulator/PromisesObjC.build/Objects-normal/arm64/FBLPromise+All.dia -c /Users/krishna/Desktop/Projects/Manas_/ios/Pods/PromisesObjC/Sources/FBLPromises/FBLPromise+All.m -o /Users/krishna/Library/Developer/Xcode/DerivedData/Hrms_-fwmimlbgucwnlkdgjryadaszcdfx/Build/Intermediates.noindex/Pods.build/Debug-iphonesimulator/PromisesObjC.build/Objects-normal/arm64/FBLPromise+All.o -index-unit-output-path /Pods.build/Debug-iphonesimulator/PromisesObjC.build/Objects-normal/arm64/FBLPromise+All.o

debug 
Copy /Users/krishna/Library/Developer/Xcode/DerivedData/Hrms_-fwmimlbgucwnlkdgjryadaszcdfx/Build/Products/Debug-iphonesimulator/FirebaseCoreInternal/FirebaseCoreInternal.swiftmodule/Project/arm64-apple-ios-simulator.swiftsourceinfo /Users/krishna/Library/Developer/Xcode/DerivedData/Hrms_-fwmimlbgucwnlkdgjryadaszcdfx/Build/Intermediates.noindex/Pods.build/Debug-iphonesimulator/FirebaseCoreInternal.build/Objects-normal/arm64/FirebaseCoreInternal.swiftsourceinfo (in target 'FirebaseCoreInternal' from project 'Pods')
    cd /Users/krishna/Desktop/Projects/Manas_/ios/Pods
    builtin-copy -exclude .DS_Store -exclude CVS -exclude .svn -exclude .git -exclude .hg -resolve-src-symlinks -rename /Users/krishna/Library/Developer/Xcode/DerivedData/Hrms_-fwmimlbgucwnlkdgjryadaszcdfx/Build/Intermediates.noindex/Pods.build/Debug-iphonesimulator/FirebaseCoreInternal.build/Objects-normal/arm64/FirebaseCoreInternal.swiftsourceinfo /Users/krishna/Library/Developer/Xcode/DerivedData/Hrms_-fwmimlbgucwnlkdgjryadaszcdfx/Build/Products/Debug-iphonesimulator/FirebaseCoreInternal/FirebaseCoreInternal.swiftmodule/Project/arm64-apple-ios-simulator.swiftsourceinfo


debug ScanDependencies /Users/krishna/Library/Developer/Xcode/DerivedData/Hrms_-fwmimlbgucwnlkdgjryadaszcdfx/Build/Intermediates.noindex/Pods.build/Debug-iphonesimulator/GoogleUtilities.build/Objects-normal/arm64/IsAppEncrypted.o /Users/krishna/Desktop/Projects/Manas_/ios/Pods/GoogleUtilities/third_party/IsAppEncrypted/IsAppEncrypted.m normal arm64 objective-c com.apple.compilers.llvm.clang.1_0.compiler (in target 'GoogleUtilities' from project 'Pods')
    cd /Users/krishna/Desktop/Projects/Manas_/ios/Pods
    
    Using response file: /Users/krishna/Library/Developer/Xcode/DerivedData/Hrms_-fwmimlbgucwnlkdgjryadaszcdfx/Build/Intermediates.noindex/Pods.build/Debug-iphonesimulator/GoogleUtilities.build/Objects-normal/arm64/e6072d4f65d7061329687fe24e3d63a7-common-args.resp
    
    builtin-ScanDependencies -o /Users/krishna/Library/Developer/Xcode/DerivedData/Hrms_-fwmimlbgucwnlkdgjryadaszcdfx/Build/Intermediates.noindex/Pods.build/Debug-iphonesimulator/GoogleUtilities.build/Objects-normal/arm64/IsAppEncrypted.o.scan -- /Applications/Xcode.app/Contents/Developer/Toolchains/XcodeDefault.xctoolchain/usr/bin/clang -x objective-c -ivfsstatcache /Users/krishna/Library/Developer/Xcode/DerivedData/SDKStatCaches.noindex/iphonesimulator26.5-23F81a-6cfe768891a92b912361537c460fe42b.sdkstatcache -target arm64-apple-ios15.1-simulator -fmessage-length\=0 -fdiagnostics-show-note-include-stack -fmacro-backtrace-limit\=0 -fno-color-diagnostics -fmodules-prune-interval\=86400 -fmodules-prune-after\=345600 -fbuild-session-file\=/Users/krishna/Library/Developer/Xcode/DerivedData/ModuleCache.noindex/Session.modulevalidation -fmodules-validate-once-per-build-session -Wnon-modular-include-in-framework-module -Werror\=non-modular-include-in-framework-module -Wno-trigraphs -Wno-missing-field-initializers -Wno-missing-prototypes -Werror\=return-type -Wdocumentation -Wunreachable-code -Wno-implicit-atomic-properties -Werror\=deprecated-objc-isa-usage -Wno-objc-interface-ivars -Werror\=objc-root-class -Wno-arc-repeated-use-of-weak -Wimplicit-retain-self -Wduplicate-method-match -Wno-missing-braces -Wparentheses -Wswitch -Wunused-function -Wno-unused-label -Wno-unused-parameter -Wunused-variable -Wunused-value -Wempty-body -Wuninitialized -Wconditional-uninitialized -Wno-unknown-pragmas -Wno-shadow -Wno-four-char-constants -Wno-conversion -Wconstant-conversion -Wint-conversion -Wbool-conversion -Wenum-conversion -Wno-float-conversion -Wnon-literal-null-conversion -Wobjc-literal-conversion -Wshorten-64-to-32 -Wpointer-sign -Wno-newline-eof -Wno-selector -Wno-strict-selector-match -Wundeclared-selector -Wdeprecated-implementations -Wno-implicit-fallthrough -isysroot /Applications/Xcode.app/Contents/Developer/Platforms/iPhoneSimulator.platform/Developer/SDKs/iPhoneSimulator26.5.sdk -fstrict-aliasing -Wprotocol -Wdeprecated-declarations -Wno-sign-conversion -Winfinite-recursion -Wcomma -Wblock-capture-autoreleasing -Wstrict-prototypes -Wno-semicolon-before-method-body -Wunguarded-availability -index-store-path /Users/krishna/Library/Developer/Xcode/DerivedData/Hrms_-fwmimlbgucwnlkdgjryadaszcdfx/Index.noindex/DataStore @/Users/krishna/Library/Developer/Xcode/DerivedData/Hrms_-fwmimlbgucwnlkdgjryadaszcdfx/Build/Intermediates.noindex/Pods.build/Debug-iphonesimulator/GoogleUtilities.build/Objects-normal/arm64/e6072d4f65d7061329687fe24e3d63a7-common-args.resp -MMD -MT dependencies -MF /Users/krishna/Library/Developer/Xcode/DerivedData/Hrms_-fwmimlbgucwnlkdgjryadaszcdfx/Build/Intermediates.noindex/Pods.build/Debug-iphonesimulator/GoogleUtilities.build/Objects-normal/arm64/IsAppEncrypted.d --serialize-diagnostics /Users/krishna/Library/Developer/Xcode/DerivedData/Hrms_-fwmimlbgucwnlkdgjryadaszcdfx/Build/Intermediates.noindex/Pods.build/Debug-iphonesimulator/GoogleUtilities.build/Objects-normal/arm64/IsAppEncrypted.dia -c /Users/krishna/Desktop/Projects/Manas_/ios/Pods/GoogleUtilities/third_party/IsAppEncrypted/IsAppEncrypted.m -o /Users/krishna/Library/Developer/Xcode/DerivedData/Hrms_-fwmimlbgucwnlkdgjryadaszcdfx/Build/Intermediates.noindex/Pods.build/Debug-iphonesimulator/GoogleUtilities.build/Objects-normal/arm64/IsAppEncrypted.o -index-unit-output-path /Pods.build/Debug-iphonesimulator/GoogleUtilities.build/Objects-normal/arm64/IsAppEncrypted.o

ScanDependencies /Users/krishna/Library/Developer/Xcode/DerivedData/Hrms_-fwmimlbgucwnlkdgjryadaszcdfx/Build/Intermediates.noindex/Pods.build/Debug-iphonesimulator/React-rendererconsistency.build/Objects-normal/arm64/React-rendererconsistency-dummy.o /Users/krishna/Desktop/Projects/Manas_/ios/Pods/Target\ Support\ Files/React-rendererconsistency/React-rendererconsistency-dummy.m normal arm64 objective-c com.apple.compilers.llvm.clang.1_0.compiler (in target 'React-rendererconsistency' from project 'Pods')
    cd /Users/krishna/Desktop/Projects/Manas_/ios/Pods
    
    Using response file: /Users/krishna/Library/Developer/Xcode/DerivedData/Hrms_-fwmimlbgucwnlkdgjryadaszcdfx/Build/Intermediates.noindex/Pods.build/Debug-iphonesimulator/React-rendererconsistency.build/Objects-normal/arm64/e6072d4f65d7061329687fe24e3d63a7-common-args.resp
    
    builtin-ScanDependencies -o /Users/krishna/Library/Developer/Xcode/DerivedData/Hrms_-fwmimlbgucwnlkdgjryadaszcdfx/Build/Intermediates.noindex/Pods.build/Debug-iphonesimulator/React-rendererconsistency.build/Objects-normal/arm64/React-rendererconsistency-dummy.o.scan -- /Applications/Xcode.app/Contents/Developer/Toolchains/XcodeDefault.xctoolchain/usr/bin/clang -x objective-c -ivfsstatcache /Users/krishna/Library/Developer/Xcode/DerivedData/SDKStatCaches.noindex/iphonesimulator26.5-23F81a-6cfe768891a92b912361537c460fe42b.sdkstatcache -target arm64-apple-ios15.1-simulator -fmessage-length\=0 -fdiagnostics-show-note-include-stack -fmacro-backtrace-limit\=0 -fno-color-diagnostics -fmodules-prune-interval\=86400 -fmodules-prune-after\=345600 -fbuild-session-file\=/Users/krishna/Library/Developer/Xcode/DerivedData/ModuleCache.noindex/Session.modulevalidation -fmodules-validate-once-per-build-session -Wnon-modular-include-in-framework-module -Werror\=non-modular-include-in-framework-module -Wno-trigraphs -Wno-missing-field-initializers -Wno-missing-prototypes -Werror\=return-type -Wdocumentation -Wunreachable-code -Wno-implicit-atomic-properties -Werror\=deprecated-objc-isa-usage -Wno-objc-interface-ivars -Werror\=objc-root-class -Wno-arc-repeated-use-of-weak -Wimplicit-retain-self -Wduplicate-method-match -Wno-missing-braces -Wparentheses -Wswitch -Wunused-function -Wno-unused-label -Wno-unused-parameter -Wunused-variable -Wunused-value -Wempty-body -Wuninitialized -Wconditional-uninitialized -Wno-unknown-pragmas -Wno-shadow -Wno-four-char-constants -Wno-conversion -Wconstant-conversion -Wint-conversion -Wbool-conversion -Wenum-conversion -Wno-float-conversion -Wnon-literal-null-conversion -Wobjc-literal-conversion -Wshorten-64-to-32 -Wpointer-sign -Wno-newline-eof -Wno-selector -Wno-strict-selector-match -Wundeclared-selector -Wdeprecated-implementations -Wno-implicit-fallthrough -isysroot /Applications/Xcode.app/Contents/Developer/Platforms/iPhoneSimulator.platform/Developer/SDKs/iPhoneSimulator26.5.sdk -fstrict-aliasing -Wprotocol -Wdeprecated-declarations -Wno-sign-conversion -Winfinite-recursion -Wcomma -Wblock-capture-autoreleasing -Wstrict-prototypes -Wno-semicolon-before-method-body -Wunguarded-availability -index-store-path /Users/krishna/Library/Developer/Xcode/DerivedData/Hrms_-fwmimlbgucwnlkdgjryadaszcdfx/Index.noindex/DataStore @/Users/krishna/Library/Developer/Xcode/DerivedData/Hrms_-fwmimlbgucwnlkdgjryadaszcdfx/Build/Intermediates.noindex/Pods.build/Debug-iphonesimulator/React-rendererconsistency.build/Objects-normal/arm64/e6072d4f65d7061329687fe24e3d63a7-common-args.resp -include /Users/krishna/Desktop/Projects/Manas_/ios/Pods/Target\ Support\ Files/React-rendererconsistency/React-rendererconsistency-prefix.pch -MMD -MT dependencies -MF /Users/krishna/Library/Developer/Xcode/DerivedData/Hrms_-fwmimlbgucwnlkdgjryadaszcdfx/Build/Intermediates.noindex/Pods.build/Debug-iphonesimulator/React-rendererconsistency.build/Objects-normal/arm64/React-rendererconsistency-dummy.d --serialize-diagnostics /Users/krishna/Library/Developer/Xcode/DerivedData/Hrms_-fwmimlbgucwnlkdgjryadaszcdfx/Build/Intermediates.noindex/Pods.build/Debug-iphonesimulator/React-rendererconsistency.build/Objects-normal/arm64/React-rendererconsistency-dummy.dia -c /Users/krishna/Desktop/Projects/Manas_/ios/Pods/Target\ Support\ Files/React-rendererconsistency/React-rendererconsistency-dummy.m -o /Users/krishna/Library/Developer/Xcode/DerivedData/Hrms_-fwmimlbgucwnlkdgjryadaszcdfx/Build/Intermediates.noindex/Pods.build/Debug-iphonesimulator/React-rendererconsistency.build/Objects-normal/arm64/React-rendererconsistency-dummy.o -index-unit-output-path /Pods.build/Debug-iphonesimulator/React-rendererconsistency.build/Objects-normal/arm64/React-rendererconsistency-dummy.o

debug 

debug ScanDependencies /Users/krishna/Library/Developer/Xcode/DerivedData/Hrms_-fwmimlbgucwnlkdgjryadaszcdfx/Build/Intermediates.noindex/Pods.build/Debug-iphonesimulator/React-oscompat.build/Objects-normal/arm64/React-oscompat-dummy.o /Users/krishna/Desktop/Projects/Manas_/ios/Pods/Target\ Support\ Files/React-oscompat/React-oscompat-dummy.m normal arm64 objective-c com.apple.compilers.llvm.clang.1_0.compiler (in target 'React-oscompat' from project 'Pods')
    cd /Users/krishna/Desktop/Projects/Manas_/ios/Pods
    
    Using response file: /Users/krishna/Library/Developer/Xcode/DerivedData/Hrms_-fwmimlbgucwnlkdgjryadaszcdfx/Build/Intermediates.noindex/Pods.build/Debug-iphonesimulator/React-oscompat.build/Objects-normal/arm64/e6072d4f65d7061329687fe24e3d63a7-common-args.resp
    
    builtin-ScanDependencies -o /Users/krishna/Library/Developer/Xcode/DerivedData/Hrms_-fwmimlbgucwnlkdgjryadaszcdfx/Build/Intermediates.noindex/Pods.build/Debug-iphonesimulator/React-oscompat.build/Objects-normal/arm64/React-oscompat-dummy.o.scan -- /Applications/Xcode.app/Contents/Developer/Toolchains/XcodeDefault.xctoolchain/usr/bin/clang -x objective-c -ivfsstatcache /Users/krishna/Library/Developer/Xcode/DerivedData/SDKStatCaches.noindex/iphonesimulator26.5-23F81a-6cfe768891a92b912361537c460fe42b.sdkstatcache -target arm64-apple-ios15.1-simulator -fmessage-length\=0 -fdiagnostics-show-note-include-stack -fmacro-backtrace-limit\=0 -fno-color-diagnostics -fmodules-prune-interval\=86400 -fmodules-prune-after\=345600 -fbuild-session-file\=/Users/krishna/Library/Developer/Xcode/DerivedData/ModuleCache.noindex/Session.modulevalidation -fmodules-validate-once-per-build-session -Wnon-modular-include-in-framework-module -Werror\=non-modular-include-in-framework-module -Wno-trigraphs -Wno-missing-field-initializers -Wno-missing-prototypes -Werror\=return-type -Wdocumentation -Wunreachable-code -Wno-implicit-atomic-properties -Werror\=deprecated-objc-isa-usage -Wno-objc-interface-ivars -Werror\=objc-root-class -Wno-arc-repeated-use-of-weak -Wimplicit-retain-self -Wduplicate-method-match -Wno-missing-braces -Wparentheses -Wswitch -Wunused-function -Wno-unused-label -Wno-unused-parameter -Wunused-variable -Wunused-value -Wempty-body -Wuninitialized -Wconditional-uninitialized -Wno-unknown-pragmas -Wno-shadow -Wno-four-char-constants -Wno-conversion -Wconstant-conversion -Wint-conversion -Wbool-conversion -Wenum-conversion -Wno-float-conversion -Wnon-literal-null-conversion -Wobjc-literal-conversion -Wshorten-64-to-32 -Wpointer-sign -Wno-newline-eof -Wno-selector -Wno-strict-selector-match -Wundeclared-selector -Wdeprecated-implementations -Wno-implicit-fallthrough -isysroot /Applications/Xcode.app/Contents/Developer/Platforms/iPhoneSimulator.platform/Developer/SDKs/iPhoneSimulator26.5.sdk -fstrict-aliasing -Wprotocol -Wdeprecated-declarations -Wno-sign-conversion -Winfinite-recursion -Wcomma -Wblock-capture-autoreleasing -Wstrict-prototypes -Wno-semicolon-before-method-body -Wunguarded-availability -index-store-path /Users/krishna/Library/Developer/Xcode/DerivedData/Hrms_-fwmimlbgucwnlkdgjryadaszcdfx/Index.noindex/DataStore @/Users/krishna/Library/Developer/Xcode/DerivedData/Hrms_-fwmimlbgucwnlkdgjryadaszcdfx/Build/Intermediates.noindex/Pods.build/Debug-iphonesimulator/React-oscompat.build/Objects-normal/arm64/e6072d4f65d7061329687fe24e3d63a7-common-args.resp -include /Users/krishna/Desktop/Projects/Manas_/ios/Pods/Target\ Support\ Files/React-oscompat/React-oscompat-prefix.pch -MMD -MT dependencies -MF /Users/krishna/Library/Developer/Xcode/DerivedData/Hrms_-fwmimlbgucwnlkdgjryadaszcdfx/Build/Intermediates.noindex/Pods.build/Debug-iphonesimulator/React-oscompat.build/Objects-normal/arm64/React-oscompat-dummy.d --serialize-diagnostics /Users/krishna/Library/Developer/Xcode/DerivedData/Hrms_-fwmimlbgucwnlkdgjryadaszcdfx/Build/Intermediates.noindex/Pods.build/Debug-iphonesimulator/React-oscompat.build/Objects-normal/arm64/React-oscompat-dummy.dia -c /Users/krishna/Desktop/Projects/Manas_/ios/Pods/Target\ Support\ Files/React-oscompat/React-oscompat-dummy.m -o /Users/krishna/Library/Developer/Xcode/DerivedData/Hrms_-fwmimlbgucwnlkdgjryadaszcdfx/Build/Intermediates.noindex/Pods.build/Debug-iphonesimulator/React-oscompat.build/Objects-normal/arm64/React-oscompat-dummy.o -index-unit-output-path /Pods.build/Debug-iphonesimulator/React-oscompat.build/Objects-normal/arm64/React-oscompat-dummy.o

ScanDependencies /Users/krishna/Library/Developer/Xcode/DerivedData/Hrms_-fwmimlbgucwnlkdgjryadaszcdfx/Build/Intermediates.noindex/Pods.build/Debug-iphonesimulator/React-logger.build/Objects-normal/arm64/React-logger-dummy.o /Users/krishna/Desktop/Projects/Manas_/ios/Pods/Target\ Support\ Files/React-logger/React-logger-dummy.m normal arm64 objective-c com.apple.compilers.llvm.clang.1_0.compiler (in target 'React-logger' from project 'Pods')
    cd /Users/krishna/Desktop/Projects/Manas_/ios/Pods
    
    Using response file: /Users/krishna/Library/Developer/Xcode/DerivedData/Hrms_-fwmimlbgucwnlkdgjryadaszcdfx/Build/Intermediates.noindex/Pods.build/Debug-iphonesimulator/React-logger.build/Objects-normal/arm64/e6072d4f65d7061329687fe24e3d63a7-common-args.resp
    
    builtin-ScanDependencies -o /Users/krishna/Library/Developer/Xcode/DerivedData/Hrms_-fwmimlbgucwnlkdgjryadaszcdfx/Build/Intermediates.noindex/Pods.build/Debug-iphonesimulator/React-logger.build/Objects-normal/arm64/React-logger-dummy.o.scan -- /Applications/Xcode.app/Contents/Developer/Toolchains/XcodeDefault.xctoolchain/usr/bin/clang -x objective-c -ivfsstatcache /Users/krishna/Library/Developer/Xcode/DerivedData/SDKStatCaches.noindex/iphonesimulator26.5-23F81a-6cfe768891a92b912361537c460fe42b.sdkstatcache -target arm64-apple-ios15.1-simulator -fmessage-length\=0 -fdiagnostics-show-note-include-stack -fmacro-backtrace-limit\=0 -fno-color-diagnostics -fmodules-prune-interval\=86400 -fmodules-prune-after\=345600 -fbuild-session-file\=/Users/krishna/Library/Developer/Xcode/DerivedData/ModuleCache.noindex/Session.modulevalidation -fmodules-validate-once-per-build-session -Wnon-modular-include-in-framework-module -Werror\=non-modular-include-in-framework-module -Wno-trigraphs -Wno-missing-field-initializers -Wno-missing-prototypes -Werror\=return-type -Wdocumentation -Wunreachable-code -Wno-implicit-atomic-properties -Werror\=deprecated-objc-isa-usage -Wno-objc-interface-ivars -Werror\=objc-root-class -Wno-arc-repeated-use-of-weak -Wimplicit-retain-self -Wduplicate-method-match -Wno-missing-braces -Wparentheses -Wswitch -Wunused-function -Wno-unused-label -Wno-unused-parameter -Wunused-variable -Wunused-value -Wempty-body -Wuninitialized -Wconditional-uninitialized -Wno-unknown-pragmas -Wno-shadow -Wno-four-char-constants -Wno-conversion -Wconstant-conversion -Wint-conversion -Wbool-conversion -Wenum-conversion -Wno-float-conversion -Wnon-literal-null-conversion -Wobjc-literal-conversion -Wshorten-64-to-32 -Wpointer-sign -Wno-newline-eof -Wno-selector -Wno-strict-selector-match -Wundeclared-selector -Wdeprecated-implementations -Wno-implicit-fallthrough -isysroot /Applications/Xcode.app/Contents/Developer/Platforms/iPhoneSimulator.platform/Developer/SDKs/iPhoneSimulator26.5.sdk -fstrict-aliasing -Wprotocol -Wdeprecated-declarations -Wno-sign-conversion -Winfinite-recursion -Wcomma -Wblock-capture-autoreleasing -Wstrict-prototypes -Wno-semicolon-before-method-body -Wunguarded-availability -index-store-path /Users/krishna/Library/Developer/Xcode/DerivedData/Hrms_-fwmimlbgucwnlkdgjryadaszcdfx/Index.noindex/DataStore @/Users/krishna/Library/Developer/Xcode/DerivedData/Hrms_-fwmimlbgucwnlkdgjryadaszcdfx/Build/Intermediates.noindex/Pods.build/Debug-iphonesimulator/React-logger.build/Objects-normal/arm64/e6072d4f65d7061329687fe24e3d63a7-common-args.resp -include /Users/krishna/Desktop/Projects/Manas_/ios/Pods/Target\ Support\ Files/React-logger/React-logger-prefix.pch -MMD -MT dependencies -MF /Users/krishna/Library/Developer/Xcode/DerivedData/Hrms_-fwmimlbgucwnlkdgjryadaszcdfx/Build/Intermediates.noindex/Pods.build/Debug-iphonesimulator/React-logger.build/Objects-normal/arm64/React-logger-dummy.d --serialize-diagnostics /Users/krishna/Library/Developer/Xcode/DerivedData/Hrms_-fwmimlbgucwnlkdgjryadaszcdfx/Build/Intermediates.noindex/Pods.build/Debug-iphonesimulator/React-logger.build/Objects-normal/arm64/React-logger-dummy.dia -c /Users/krishna/Desktop/Projects/Manas_/ios/Pods/Target\ Support\ Files/React-logger/React-logger-dummy.m -o /Users/krishna/Library/Developer/Xcode/DerivedData/Hrms_-fwmimlbgucwnlkdgjryadaszcdfx/Build/Intermediates.noindex/Pods.build/Debug-iphonesimulator/React-logger.build/Objects-normal/arm64/React-logger-dummy.o -index-unit-output-path /Pods.build/Debug-iphonesimulator/React-logger.build/Objects-normal/arm64/React-logger-dummy.o

ScanDependencies /Users/krishna/Library/Developer/Xcode/DerivedData/Hrms_-fwmimlbgucwnlkdgjryadaszcdfx/Build/Intermediates.noindex/Pods.build/Debug-iphonesimulator/React-debug.build/Objects-normal/arm64/React-debug-dummy.o /Users/krishna/Desktop/Projects/Manas_/ios/Pods/Target\ Support\ Files/React-debug/React-debug-dummy.m normal arm64 objective-c com.apple.compilers.llvm.clang.1_0.compiler (in target 'React-debug' from project 'Pods')
    cd /Users/krishna/Desktop/Projects/Manas_/ios/Pods
    
    Using response file: /Users/krishna/Library/Developer/Xcode/DerivedData/Hrms_-fwmimlbgucwnlkdgjryadaszcdfx/Build/Intermediates.noindex/Pods.build/Debug-iphonesimulator/React-debug.build/Objects-normal/arm64/e6072d4f65d7061329687fe24e3d63a7-common-args.resp
    
    builtin-ScanDependencies -o /Users/krishna/Library/Developer/Xcode/DerivedData/Hrms_-fwmimlbgucwnlkdgjryadaszcdfx/Build/Intermediates.noindex/Pods.build/Debug-iphonesimulator/React-debug.build/Objects-normal/arm64/React-debug-dummy.o.scan -- /Applications/Xcode.app/Contents/Developer/Toolchains/XcodeDefault.xctoolchain/usr/bin/clang -x objective-c -ivfsstatcache /Users/krishna/Library/Developer/Xcode/DerivedData/SDKStatCaches.noindex/iphonesimulator26.5-23F81a-6cfe768891a92b912361537c460fe42b.sdkstatcache -target arm64-apple-ios15.1-simulator -fmessage-length\=0 -fdiagnostics-show-note-include-stack -fmacro-backtrace-limit\=0 -fno-color-diagnostics -fmodules-prune-interval\=86400 -fmodules-prune-after\=345600 -fbuild-session-file\=/Users/krishna/Library/Developer/Xcode/DerivedData/ModuleCache.noindex/Session.modulevalidation -fmodules-validate-once-per-build-session -Wnon-modular-include-in-framework-module -Werror\=non-modular-include-in-framework-module -Wno-trigraphs -Wno-missing-field-initializers -Wno-missing-prototypes -Werror\=return-type -Wdocumentation -Wunreachable-code -Wno-implicit-atomic-properties -Werror\=deprecated-objc-isa-usage -Wno-objc-interface-ivars -Werror\=objc-root-class -Wno-arc-repeated-use-of-weak -Wimplicit-retain-self -Wduplicate-method-match -Wno-missing-braces -Wparentheses -Wswitch -Wunused-function -Wno-unused-label -Wno-unused-parameter -Wunused-variable -Wunused-value -Wempty-body -Wuninitialized -Wconditional-uninitialized -Wno-unknown-pragmas -Wno-shadow -Wno-four-char-constants -Wno-conversion -Wconstant-conversion -Wint-conversion -Wbool-conversion -Wenum-conversion -Wno-float-conversion -Wnon-literal-null-conversion -Wobjc-literal-conversion -Wshorten-64-to-32 -Wpointer-sign -Wno-newline-eof -Wno-selector -Wno-strict-selector-match -Wundeclared-selector -Wdeprecated-implementations -Wno-implicit-fallthrough -isysroot /Applications/Xcode.app/Contents/Developer/Platforms/iPhoneSimulator.platform/Developer/SDKs/iPhoneSimulator26.5.sdk -fstrict-aliasing -Wprotocol -Wdeprecated-declarations -Wno-sign-conversion -Winfinite-recursion -Wcomma -Wblock-capture-autoreleasing -Wstrict-prototypes -Wno-semicolon-before-method-body -Wunguarded-availability -index-store-path /Users/krishna/Library/Developer/Xcode/DerivedData/Hrms_-fwmimlbgucwnlkdgjryadaszcdfx/Index.noindex/DataStore @/Users/krishna/Library/Developer/Xcode/DerivedData/Hrms_-fwmimlbgucwnlkdgjryadaszcdfx/Build/Intermediates.noindex/Pods.build/Debug-iphonesimulator/React-debug.build/Objects-normal/arm64/e6072d4f65d7061329687fe24e3d63a7-common-args.resp -include /Users/krishna/Desktop/Projects/Manas_/ios/Pods/Target\ Support\ Files/React-debug/React-debug-prefix.pch -MMD -MT dependencies -MF /Users/krishna/Library/Developer/Xcode/DerivedData/Hrms_-fwmimlbgucwnlkdgjryadaszcdfx/Build/Intermediates.noindex/Pods.build/Debug-iphonesimulator/React-debug.build/Objects-normal/arm64/React-debug-dummy.d --serialize-diagnostics /Users/krishna/Library/Developer/Xcode/DerivedData/Hrms_-fwmimlbgucwnlkdgjryadaszcdfx/Build/Intermediates.noindex/Pods.build/Debug-iphonesimulator/React-debug.build/Objects-normal/arm64/React-debug-dummy.dia -c /Users/krishna/Desktop/Projects/Manas_/ios/Pods/Target\ Support\ Files/React-debug/React-debug-dummy.m -o /Users/krishna/Library/Developer/Xcode/DerivedData/Hrms_-fwmimlbgucwnlkdgjryadaszcdfx/Build/Intermediates.noindex/Pods.build/Debug-iphonesimulator/React-debug.build/Objects-normal/arm64/React-debug-dummy.o -index-unit-output-path /Pods.build/Debug-iphonesimulator/React-debug.build/Objects-normal/arm64/React-debug-dummy.o

ScanDependencies /Users/krishna/Library/Developer/Xcode/DerivedData/Hrms_-fwmimlbgucwnlkdgjryadaszcdfx/Build/Intermediates.noindex/Pods.build/Debug-iphonesimulator/React-featureflags.build/Objects-normal/arm64/React-featureflags-dummy.o /Users/krishna/Desktop/Projects/Manas_/ios/Pods/Target\ Support\ Files/React-featureflags/React-featureflags-dummy.m normal arm64 objective-c com.apple.compilers.llvm.clang.1_0.compiler (in target 'React-featureflags' from project 'Pods')
    cd /Users/krishna/Desktop/Projects/Manas_/ios/Pods
    
    Using response file: /Users/krishna/Library/Developer/Xcode/DerivedData/Hrms_-fwmimlbgucwnlkdgjryadaszcdfx/Build/Intermediates.noindex/Pods.build/Debug-iphonesimulator/React-featureflags.build/Objects-normal/arm64/e6072d4f65d7061329687fe24e3d63a7-common-args.resp
    
    builtin-ScanDependencies -o /Users/krishna/Library/Developer/Xcode/DerivedData/Hrms_-fwmimlbgucwnlkdgjryadaszcdfx/Build/Intermediates.noindex/Pods.build/Debug-iphonesimulator/React-featureflags.build/Objects-normal/arm64/React-featureflags-dummy.o.scan -- /Applications/Xcode.app/Contents/Developer/Toolchains/XcodeDefault.xctoolchain/usr/bin/clang -x objective-c -ivfsstatcache /Users/krishna/Library/Developer/Xcode/DerivedData/SDKStatCaches.noindex/iphonesimulator26.5-23F81a-6cfe768891a92b912361537c460fe42b.sdkstatcache -target arm64-apple-ios15.1-simulator -fmessage-length\=0 -fdiagnostics-show-note-include-stack -fmacro-backtrace-limit\=0 -fno-color-diagnostics -fmodules-prune-interval\=86400 -fmodules-prune-after\=345600 -fbuild-session-file\=/Users/krishna/Library/Developer/Xcode/DerivedData/ModuleCache.noindex/Session.modulevalidation -fmodules-validate-once-per-build-session -Wnon-modular-include-in-framework-module -Werror\=non-modular-include-in-framework-module -Wno-trigraphs -Wno-missing-field-initializers -Wno-missing-prototypes -Werror\=return-type -Wdocumentation -Wunreachable-code -Wno-implicit-atomic-properties -Werror\=deprecated-objc-isa-usage -Wno-objc-interface-ivars -Werror\=objc-root-class -Wno-arc-repeated-use-of-weak -Wimplicit-retain-self -Wduplicate-method-match -Wno-missing-braces -Wparentheses -Wswitch -Wunused-function -Wno-unused-label -Wno-unused-parameter -Wunused-variable -Wunused-value -Wempty-body -Wuninitialized -Wconditional-uninitialized -Wno-unknown-pragmas -Wno-shadow -Wno-four-char-constants -Wno-conversion -Wconstant-conversion -Wint-conversion -Wbool-conversion -Wenum-conversion -Wno-float-conversion -Wnon-literal-null-conversion -Wobjc-literal-conversion -Wshorten-64-to-32 -Wpointer-sign -Wno-newline-eof -Wno-selector -Wno-strict-selector-match -Wundeclared-selector -Wdeprecated-implementations -Wno-implicit-fallthrough -isysroot /Applications/Xcode.app/Contents/Developer/Platforms/iPhoneSimulator.platform/Developer/SDKs/iPhoneSimulator26.5.sdk -fstrict-aliasing -Wprotocol -Wdeprecated-declarations -Wno-sign-conversion -Winfinite-recursion -Wcomma -Wblock-capture-autoreleasing -Wstrict-prototypes -Wno-semicolon-before-method-body -Wunguarded-availability -index-store-path /Users/krishna/Library/Developer/Xcode/DerivedData/Hrms_-fwmimlbgucwnlkdgjryadaszcdfx/Index.noindex/DataStore @/Users/krishna/Library/Developer/Xcode/DerivedData/Hrms_-fwmimlbgucwnlkdgjryadaszcdfx/Build/Intermediates.noindex/Pods.build/Debug-iphonesimulator/React-featureflags.build/Objects-normal/arm64/e6072d4f65d7061329687fe24e3d63a7-common-args.resp -include /Users/krishna/Desktop/Projects/Manas_/ios/Pods/Target\ Support\ Files/React-featureflags/React-featureflags-prefix.pch -MMD -MT dependencies -MF /Users/krishna/Library/Developer/Xcode/DerivedData/Hrms_-fwmimlbgucwnlkdgjryadaszcdfx/Build/Intermediates.noindex/Pods.build/Debug-iphonesimulator/React-featureflags.build/Objects-normal/arm64/React-featureflags-dummy.d --serialize-diagnostics /Users/krishna/Library/Developer/Xcode/DerivedData/Hrms_-fwmimlbgucwnlkdgjryadaszcdfx/Build/Intermediates.noindex/Pods.build/Debug-iphonesimulator/React-featureflags.build/Objects-normal/arm64/React-featureflags-dummy.dia -c /Users/krishna/Desktop/Projects/Manas_/ios/Pods/Target\ Support\ Files/React-featureflags/React-featureflags-dummy.m -o /Users/krishna/Library/Developer/Xcode/DerivedData/Hrms_-fwmimlbgucwnlkdgjryadaszcdfx/Build/Intermediates.noindex/Pods.build/Debug-iphonesimulator/React-featureflags.build/Objects-normal/arm64/React-featureflags-dummy.o -index-unit-output-path /Pods.build/Debug-iphonesimulator/React-featureflags.build/Objects-normal/arm64/React-featureflags-dummy.o

SwiftDriver FirebaseCoreInternal normal arm64 com.apple.xcode.tools.swift.compiler (in target 'FirebaseCoreInternal' from project 'Pods')
    cd /Users/krishna/Desktop/Projects/Manas_/ios/Pods
    builtin-SwiftDriver -- /Applications/Xcode.app/Contents/Developer/Toolchains/XcodeDefault.xctoolchain/usr/bin/swiftc -module-name FirebaseCoreInternal -Onone @/Users/krishna/Library/Developer/Xcode/DerivedData/Hrms_-fwmimlbgucwnlkdgjryadaszcdfx/Build/Intermediates.noindex/Pods.build/Debug-iphonesimulator/FirebaseCoreInternal.build/Objects-normal/arm64/FirebaseCoreInternal.SwiftFileList -DDEBUG -D COCOAPODS -Xcc -fmodule-map-file\=/Users/krishna/Desktop/Projects/Manas_/ios/Pods/Headers/Public/GoogleUtilities/GoogleUtilities.modulemap -import-underlying-module -Xcc -fmodule-map-file\=/Users/krishna/Desktop/Projects/Manas_/ios/Pods/Headers/Public/FirebaseCoreInternal/FirebaseCoreInternal.modulemap -enable-bare-slash-regex -enable-experimental-feature DebugDescriptionMacro -sdk /Applications/Xcode.app/Contents/Developer/Platforms/iPhoneSimulator.platform/Developer/SDKs/iPhoneSimulator26.5.sdk -target arm64-apple-ios15.1-simulator -g -module-cache-path /Users/krishna/Library/Developer/Xcode/DerivedData/ModuleCache.noindex -Xfrontend -serialize-debugging-options -enable-testing -index-store-path /Users/krishna/Library/Developer/Xcode/DerivedData/Hrms_-fwmimlbgucwnlkdgjryadaszcdfx/Index.noindex/DataStore -Xcc -D_LIBCPP_HARDENING_MODE\=_LIBCPP_HARDENING_MODE_DEBUG -swift-version 5 -I /Users/krishna/Library/Developer/Xcode/DerivedData/Hrms_-fwmimlbgucwnlkdgjryadaszcdfx/Build/Products/Debug-iphonesimulator/FirebaseCoreInternal -F /Users/krishna/Library/Developer/Xcode/DerivedData/Hrms_-fwmimlbgucwnlkdgjryadaszcdfx/Build/Products/Debug-iphonesimulator/FirebaseCoreInternal -c -j8 -enable-batch-mode -incremental -Xcc -ivfsstatcache -Xcc /Users/krishna/Library/Developer/Xcode/DerivedData/SDKStatCaches.noindex/iphonesimulator26.5-23F81a-6cfe768891a92b912361537c460fe42b.sdkstatcache -output-file-map /Users/krishna/Library/Developer/Xcode/DerivedData/Hrms_-fwmimlbgucwnlkdgjryadaszcdfx/Build/Intermediates.noindex/Pods.build/Debug-iphonesimulator/FirebaseCoreInternal.build/Objects-normal/arm64/FirebaseCoreInternal-OutputFileMap.json -use-frontend-parseable-output -save-temps -no-color-diagnostics -explicit-module-build -module-cache-path /Users/krishna/Library/Developer/Xcode/DerivedData/Hrms_-fwmimlbgucwnlkdgjryadaszcdfx/Build/Intermediates.noindex/SwiftExplicitPrecompiledModules -clang-scanner-module-cache-path /Users/krishna/Library/Developer/Xcode/DerivedData/ModuleCache.noindex -sdk-module-cache-path /Users/krishna/Library/Developer/Xcode/DerivedData/ModuleCache.noindex -serialize-diagnostics -emit-dependencies -emit-module -emit-module-path /Users/krishna/Library/Developer/Xcode/DerivedData/Hrms_-fwmimlbgucwnlkdgjryadaszcdfx/Build/Intermediates.noindex/Pods.build/Debug-iphonesimulator/FirebaseCoreInternal.build/Objects-normal/arm64/FirebaseCoreInternal.swiftmodule -validate-clang-modules-once -clang-build-session-file /Users/krishna/Library/Developer/Xcode/DerivedData/ModuleCache.noindex/Session.modulevalidation -Xcc -I/Users/krishna/Library/Developer/Xcode/DerivedData/Hrms_-fwmimlbgucwnlkdgjryadaszcdfx/Build/Intermediates.noindex/Pods.build/Debug-iphonesimulator/FirebaseCoreInternal.build/swift-overrides.hmap -emit-const-values -Xfrontend -const-gather-protocols-file -Xfrontend /Users/krishna/Library/Developer/Xcode/DerivedData/Hrms_-fwmimlbgucwnlkdgjryadaszcdfx/Build/Intermediates.noindex/Pods.build/Debug-iphonesimulator/FirebaseCoreInternal.build/Objects-normal/arm64/FirebaseCoreInternal_const_extract_protocols.json -Xcc -iquote -Xcc /Users/krishna/Library/Developer/Xcode/DerivedData/Hrms_-fwmimlbgucwnlkdgjryadaszcdfx/Build/Intermediates.noindex/Pods.build/Debug-iphonesimulator/FirebaseCoreInternal.build/FirebaseCoreInternal-generated-files.hmap -Xcc -I/Users/krishna/Library/Developer/Xcode/DerivedData/Hrms_-fwmimlbgucwnlkdgjryadaszcdfx/Build/Intermediates.noindex/Pods.build/Debug-iphonesimulator/FirebaseCoreInternal.build/FirebaseCoreInternal-own-target-headers.hmap -Xcc -I/Users/krishna/Library/Developer/Xcode/DerivedData/Hrms_-fwmimlbgucwnlkdgjryadaszcdfx/Build/Intermediates.noindex/Pods.build/Debug-iphonesimulator/FirebaseCoreInternal.build/FirebaseCoreInternal-all-non-framework-target-headers.hmap -Xcc -ivfsoverlay -Xcc /Users/krishna/Library/Developer/Xcode/DerivedData/Hrms_-fwmimlbgucwnlkdgjryadaszcdfx/Build/Intermediates.noindex/Pods.build/Debug-iphonesimulator/Pods-8699adb1dd336b26511df848a716bd42-VFS-iphonesimulator/all-product-headers.yaml -Xcc -iquote -Xcc /Users/krishna/Library/Developer/Xcode/DerivedData/Hrms_-fwmimlbgucwnlkdgjryadaszcdfx/Build/Intermediates.noindex/Pods.build/Debug-iphonesimulator/FirebaseCoreInternal.build/FirebaseCoreInternal-project-headers.hmap -Xcc -I/Users/krishna/Library/Developer/Xcode/DerivedData/Hrms_-fwmimlbgucwnlkdgjryadaszcdfx/Build/Products/Debug-iphonesimulator/FirebaseCoreInternal/include -Xcc -I/Users/krishna/Desktop/Projects/Manas_/ios/Pods/Headers/Public -Xcc -I/Users/krishna/Library/Developer/Xcode/DerivedData/Hrms_-fwmimlbgucwnlkdgjryadaszcdfx/Build/Intermediates.noindex/Pods.build/Debug-iphonesimulator/FirebaseCoreInternal.build/DerivedSources-normal/arm64 -Xcc -I/Users/krishna/Library/Developer/Xcode/DerivedData/Hrms_-fwmimlbgucwnlkdgjryadaszcdfx/Build/Intermediates.noindex/Pods.build/Debug-iphonesimulator/FirebaseCoreInternal.build/DerivedSources/arm64 -Xcc -I/Users/krishna/Library/Developer/Xcode/DerivedData/Hrms_-fwmimlbgucwnlkdgjryadaszcdfx/Build/Intermediates.noindex/Pods.build/Debug-iphonesimulator/FirebaseCoreInternal.build/DerivedSources -Xcc -DPOD_CONFIGURATION_DEBUG\=1 -Xcc -DDEBUG\=1 -Xcc -DCOCOAPODS\=1 -emit-objc-header -emit-objc-header-path /Users/krishna/Library/Developer/Xcode/DerivedData/Hrms_-fwmimlbgucwnlkdgjryadaszcdfx/Build/Intermediates.noindex/Pods.build/Debug-iphonesimulator/FirebaseCoreInternal.build/Objects-normal/arm64/FirebaseCoreInternal-Swift.h -working-directory /Users/krishna/Desktop/Projects/Manas_/ios/Pods -experimental-emit-module-separately -disable-cmo


debug CompileC /Users/krishna/Library/Developer/Xcode/DerivedData/Hrms_-fwmimlbgucwnlkdgjryadaszcdfx/Build/Intermediates.noindex/Pods.build/Debug-iphonesimulator/fmt.build/Objects-normal/arm64/format.o /Users/krishna/Desktop/Projects/Manas_/ios/Pods/fmt/src/format.cc normal arm64 c++ com.apple.compilers.llvm.clang.1_0.compiler (in target 'fmt' from project 'Pods')
    cd /Users/krishna/Desktop/Projects/Manas_/ios/Pods
    
    Using response file: /Users/krishna/Library/Developer/Xcode/DerivedData/Hrms_-fwmimlbgucwnlkdgjryadaszcdfx/Build/Intermediates.noindex/Pods.build/Debug-iphonesimulator/fmt.build/Objects-normal/arm64/82b82416624d2658e5098eb0a28c15c5-common-args.resp
    
    /Applications/Xcode.app/Contents/Developer/Toolchains/XcodeDefault.xctoolchain/usr/bin/clang -x c++ -ivfsstatcache /Users/krishna/Library/Developer/Xcode/DerivedData/SDKStatCaches.noindex/iphonesimulator26.5-23F81a-6cfe768891a92b912361537c460fe42b.sdkstatcache -target arm64-apple-ios15.1-simulator -fmessage-length\=0 -fdiagnostics-show-note-include-stack -fmacro-backtrace-limit\=0 -fno-color-diagnostics -fmodules-prune-interval\=86400 -fmodules-prune-after\=345600 -fbuild-session-file\=/Users/krishna/Library/Developer/Xcode/DerivedData/ModuleCache.noindex/Session.modulevalidation -fmodules-validate-once-per-build-session -Wnon-modular-include-in-framework-module -Werror\=non-modular-include-in-framework-module -Wno-trigraphs -Wno-missing-field-initializers -Wno-missing-prototypes -Werror\=return-type -Wdocumentation -Wunreachable-code -Werror\=deprecated-objc-isa-usage -Werror\=objc-root-class -Wno-non-virtual-dtor -Wno-overloaded-virtual -Wno-exit-time-destructors -Wno-missing-braces -Wparentheses -Wswitch -Wunused-function -Wno-unused-label -Wno-unused-parameter -Wunused-variable -Wunused-value -Wempty-body -Wuninitialized -Wconditional-uninitialized -Wno-unknown-pragmas -w -Wno-shadow -Wno-four-char-constants -Wno-conversion -Wconstant-conversion -Wint-conversion -Wbool-conversion -Wenum-conversion -Wno-float-conversion -Wnon-literal-null-conversion -Wobjc-literal-conversion -Wshorten-64-to-32 -Wno-newline-eof -Wno-c++11-extensions -Wno-implicit-fallthrough -isysroot /Applications/Xcode.app/Contents/Developer/Platforms/iPhoneSimulator.platform/Developer/SDKs/iPhoneSimulator26.5.sdk -fstrict-aliasing -Wdeprecated-declarations -Winvalid-offsetof -Wno-sign-conversion -Winfinite-recursion -Wmove -Wcomma -Wblock-capture-autoreleasing -Wstrict-prototypes -Wrange-loop-analysis -Wno-semicolon-before-method-body -Wunguarded-availability -index-store-path /Users/krishna/Library/Developer/Xcode/DerivedData/Hrms_-fwmimlbgucwnlkdgjryadaszcdfx/Index.noindex/DataStore @/Users/krishna/Library/Developer/Xcode/DerivedData/Hrms_-fwmimlbgucwnlkdgjryadaszcdfx/Build/Intermediates.noindex/Pods.build/Debug-iphonesimulator/fmt.build/Objects-normal/arm64/82b82416624d2658e5098eb0a28c15c5-common-args.resp -include /Users/krishna/Desktop/Projects/Manas_/ios/Pods/Target\ Support\ Files/fmt/fmt-prefix.pch -MMD -MT dependencies -MF /Users/krishna/Library/Developer/Xcode/DerivedData/Hrms_-fwmimlbgucwnlkdgjryadaszcdfx/Build/Intermediates.noindex/Pods.build/Debug-iphonesimulator/fmt.build/Objects-normal/arm64/format.d --serialize-diagnostics /Users/krishna/Library/Developer/Xcode/DerivedData/Hrms_-fwmimlbgucwnlkdgjryadaszcdfx/Build/Intermediates.noindex/Pods.build/Debug-iphonesimulator/fmt.build/Objects-normal/arm64/format.dia -c /Users/krishna/Desktop/Projects/Manas_/ios/Pods/fmt/src/format.cc -o /Users/krishna/Library/Developer/Xcode/DerivedData/Hrms_-fwmimlbgucwnlkdgjryadaszcdfx/Build/Intermediates.noindex/Pods.build/Debug-iphonesimulator/fmt.build/Objects-normal/arm64/format.o -index-unit-output-path /Pods.build/Debug-iphonesimulator/fmt.build/Objects-normal/arm64/format.o

debug In file included from /Users/krishna/Desktop/Projects/Manas_/ios/Pods/fmt/src/format.cc:8:
/Users/krishna/Desktop/Projects/Manas_/ios/Pods/fmt/include/fmt/format-inl.h:59:24: error: call to consteval function 'fmt::basic_format_string<char, fmt::basic_string_view<char> &, const char (&)[3]>::basic_format_string<FMT_COMPILE_STRING, 0>' is not a constant expression
   59 |     fmt::format_to(it, FMT_STRING("{}{}"), message, SEP);
      |                        ^
In file included from /Users/krishna/Desktop/Projects/Manas_/ios/Pods/fmt/src/format.cc:8:
In file included from /Users/krishna/Desktop/Projects/Manas_/ios/Pods/fmt/include/fmt/format-inl.h:27:
/Users/krishna/Desktop/Projects/Manas_/ios/Pods/fmt/include/fmt/format.h:1827:23: note: expanded from macro 'FMT_STRING'
 1827 | #define FMT_STRING(s) FMT_STRING_IMPL(s, fmt::detail::compile_string, )
      |                       ^
/Users/krishna/Desktop/Projects/Manas_/ios/Pods/fmt/include/fmt/format.h:1806:3: note: expanded from macro 'FMT_STRING_IMPL'
 1806 |   [] {                                                                        \
      |   ^
In file included from /Users/krishna/Desktop/Projects/Manas_/ios/Pods/fmt/src/format.cc:8:
In file included from /Users/krishna/Desktop/Projects/Manas_/ios/Pods/fmt/include/fmt/format-inl.h:27:
In file included from /Users/krishna/Desktop/Projects/Manas_/ios/Pods/fmt/include/fmt/format.h:41:
/Users/krishna/Desktop/Projects/Manas_/ios/Pods/fmt/include/fmt/base.h:779:54: note: subexpression not valid in a constant expression
  779 |     format_str_.remove_prefix(detail::to_unsigned(it - begin()));
      |                                                   ~~~^~~~~~~~~
/Users/krishna/Desktop/Projects/Manas_/ios/Pods/fmt/include/fmt/base.h:2761:5: note: in call to 'this->context_.advance_to(&"{}{}"[1])'
 2761 |     context_.advance_to(begin);
      |     ^~~~~~~~~~~~~~~~~~~~~~~~~~
/Users/krishna/Desktop/Projects/Manas_/ios/Pods/fmt/include/fmt/base.h:2756:5: note: in call to 'this->on_format_specs(0, &"{}{}"[1], &"{}{}"[1])'
 2756 |     on_format_specs(id, begin, begin);  // Call parse() on empty specs.
      |     ^~~~~~~~~~~~~~~~~~~~~~~~~~~~~~~~~
/Users/krishna/Desktop/Projects/Manas_/ios/Pods/fmt/include/fmt/base.h:2581:5: note: in call to 'handler.on_replacement_field(0, &"{}{}"[1])'
 2581 |     handler.on_replacement_field(handler.on_arg_id(), begin);
      |     ^~~~~~~~~~~~~~~~~~~~~~~~~~~~~~~~~~~~~~~~~~~~~~~~~~~~~~~~
/Users/krishna/Desktop/Projects/Manas_/ios/Pods/fmt/include/fmt/base.h:2613:21: note: in call to 'parse_replacement_field<char, fmt::detail::format_string_checker<char, fmt::basic_string_view<char>, char[3]> &>(&"{}{}"[1], &"{}{}"[4], checker(s))'
 2613 |         begin = p = parse_replacement_field(p - 1, end, handler);
      |                     ^~~~~~~~~~~~~~~~~~~~~~~~~~~~~~~~~~~~~~~~~~~~
/Users/krishna/Desktop/Projects/Manas_/ios/Pods/fmt/include/fmt/base.h:2884:7: note: in call to 'parse_format_string<true, char, fmt::detail::format_string_checker<char, fmt::basic_string_view<char>, char[3]>>({&"{}{}"[0], 4}, checker(s))'
 2884 |       detail::parse_format_string<true>(str_, checker(s));
      |       ^~~~~~~~~~~~~~~~~~~~~~~~~~~~~~~~~~~~~~~~~~~~~~~~~~~
In file included from /Users/krishna/Desktop/Projects/Manas_/ios/Pods/fmt/src/format.cc:8:
/Users/krishna/Desktop/Projects/Manas_/ios/Pods/fmt/include/fmt/format-inl.h:59:24: note: in call to 'basic_format_string<FMT_COMPILE_STRING, 0>([] {
    struct __attribute__((visibility("hidden")))  FMT_COMPILE_STRING : fmt::detail::compile_string {
        using char_type [[maybe_unused]] = fmt::remove_cvref_t<decltype("{}{}"[0])>;
        [[maybe_unused]] constexpr operator fmt::basic_string_view<char_type>() const {
            return fmt::detail_exported::compile_string_to_view<char_type>("{}{}");
        }
    };
    return FMT_COMPILE_STRING();
}())'
   59 |     fmt::format_to(it, FMT_STRING("{}{}"), message, SEP);
      |                        ^~~~~~~~~~~~~~~~~~
In file included from /Users/krishna/Desktop/Projects/Manas_/ios/Pods/fmt/src/format.cc:8:
In file included from /Users/krishna/Desktop/Projects/Manas_/ios/Pods/fmt/include/fmt/format-inl.h:27:
/Users/krishna/Desktop/Projects/Manas_/ios/Pods/fmt/include/fmt/format.h:1827:23: note: expanded from macro 'FMT_STRING'
 1827 | #define FMT_STRING(s) FMT_STRING_IMPL(s, fmt::detail::compile_string, )
      |                       ^~~~~~~~~~~~~~~~~~~~~~~~~~~~~~~~~~~~~~~~~~~~~~~~~
/Users/krishna/Desktop/Projects/Manas_/ios/Pods/fmt/include/fmt/format.h:1806:3: note: expanded from macro 'FMT_STRING_IMPL'
 1806 |   [] {                                                                        \
      |   ^~~~~~~~~~~~~~~~~~~~~~~~~~~~~~~~~~~~~~~~~~~~~~~~~~~~~~~~~~~~~~~~~~~~~~~~~~~~~
 1807 |     /* Use the hidden visibility as a workaround for a GCC bug (#1973). */    \
      |     ~~~~~~~~~~~~~~~~~~~~~~~~~~~~~~~~~~~~~~~~~~~~~~~~~~~~~~~~~~~~~~~~~~~~~~~~~~~
 1808 |     /* Use a macro-like name to avoid shadowing warnings. */                  \
      |     ~~~~~~~~~~~~~~~~~~~~~~~~~~~~~~~~~~~~~~~~~~~~~~~~~~~~~~~~~~~~~~~~~~~~~~~~~~~
 1809 |     struct FMT_VISIBILITY("hidden") FMT_COMPILE_STRING : base {               \
      |     ~~~~~~~~~~~~~~~~~~~~~~~~~~~~~~~~~~~~~~~~~~~~~~~~~~~~~~~~~~~~~~~~~~~~~~~~~~~
 1810 |       using char_type FMT_MAYBE_UNUSED = fmt::remove_cvref_t<decltype(s[0])>; \
      |       ~~~~~~~~~~~~~~~~~~~~~~~~~~~~~~~~~~~~~~~~~~~~~~~~~~~~~~~~~~~~~~~~~~~~~~~~~
 1811 |       FMT_MAYBE_UNUSED FMT_CONSTEXPR explicit                                 \
      |       ~~~~~~~~~~~~~~~~~~~~~~~~~~~~~~~~~~~~~~~~~~~~~~~~~~~~~~~~~~~~~~~~~~~~~~~~~
 1812 |       operator fmt::basic_string_view<char_type>() const {                    \
      |       ~~~~~~~~~~~~~~~~~~~~~~~~~~~~~~~~~~~~~~~~~~~~~~~~~~~~~~~~~~~~~~~~~~~~~~~~~
 1813 |         return fmt::detail_exported::compile_string_to_view<char_type>(s);    \
      |         ~~~~~~~~~~~~~~~~~~~~~~~~~~~~~~~~~~~~~~~~~~~~~~~~~~~~~~~~~~~~~~~~~~~~~~~
 1814 |       }                                                                       \
      |       ~~~~~~~~~~~~~~~~~~~~~~~~~~~~~~~~~~~~~~~~~~~~~~~~~~~~~~~~~~~~~~~~~~~~~~~~~
 1815 |     };                                                                        \
      |     ~~~~~~~~~~~~~~~~~~~~~~~~~~~~~~~~~~~~~~~~~~~~~~~~~~~~~~~~~~~~~~~~~~~~~~~~~~~
 1816 |     return FMT_COMPILE_STRING();                                              \
      |     ~~~~~~~~~~~~~~~~~~~~~~~~~~~~~~~~~~~~~~~~~~~~~~~~~~~~~~~~~~~~~~~~~~~~~~~~~~~
 1817 |   }()
      |   ~~~
In file included from /Users/krishna/Desktop/Projects/Manas_/ios/Pods/fmt/src/format.cc:8:
/Users/krishna/Desktop/Projects/Manas_/ios/Pods/fmt/include/fmt/format-inl.h:60:22: error: call to consteval function 'fmt::basic_format_string<char, const char (&)[7], int &>::basic_format_string<FMT_COMPILE_STRING, 0>' is not a constant expression
   60 |   fmt::format_to(it, FMT_STRING("{}{}"), ERROR_STR, error_code);
      |                      ^
In file included from /Users/krishna/Desktop/Projects/Manas_/ios/Pods/fmt/src/format.cc:8:
In file included from /Users/krishna/Desktop/Projects/Manas_/ios/Pods/fmt/include/fmt/format-inl.h:27:
/Users/krishna/Desktop/Projects/Manas_/ios/Pods/fmt/include/fmt/format.h:1827:23: note: expanded from macro 'FMT_STRING'
 1827 | #define FMT_STRING(s) FMT_STRING_IMPL(s, fmt::detail::compile_string, )
      |                       ^
/Users/krishna/Desktop/Projects/Manas_/ios/Pods/fmt/include/fmt/format.h:1806:3: note: expanded from macro 'FMT_STRING_IMPL'
 1806 |   [] {                                                                        \
      |   ^
In file included from /Users/krishna/Desktop/Projects/Manas_/ios/Pods/fmt/src/format.cc:8:
In file included from /Users/krishna/Desktop/Projects/Manas_/ios/Pods/fmt/include/fmt/format-inl.h:27:
In file included from /Users/krishna/Desktop/Projects/Manas_/ios/Pods/fmt/include/fmt/format.h:41:
/Users/krishna/Desktop/Projects/Manas_/ios/Pods/fmt/include/fmt/base.h:779:54: note: subexpression not valid in a constant expression
  779 |     format_str_.remove_prefix(detail::to_unsigned(it - begin()));
      |                                                   ~~~^~~~~~~~~
/Users/krishna/Desktop/Projects/Manas_/ios/Pods/fmt/include/fmt/base.h:2761:5: note: in call to 'this->context_.advance_to(&"{}{}"[1])'
 2761 |     context_.advance_to(begin);
      |     ^~~~~~~~~~~~~~~~~~~~~~~~~~
/Users/krishna/Desktop/Projects/Manas_/ios/Pods/fmt/include/fmt/base.h:2756:5: note: in call to 'this->on_format_specs(0, &"{}{}"[1], &"{}{}"[1])'
 2756 |     on_format_specs(id, begin, begin);  // Call parse() on empty specs.
      |     ^~~~~~~~~~~~~~~~~~~~~~~~~~~~~~~~~
/Users/krishna/Desktop/Projects/Manas_/ios/Pods/fmt/include/fmt/base.h:2581:5: note: in call to 'handler.on_replacement_field(0, &"{}{}"[1])'
 2581 |     handler.on_replacement_field(handler.on_arg_id(), begin);
      |     ^~~~~~~~~~~~~~~~~~~~~~~~~~~~~~~~~~~~~~~~~~~~~~~~~~~~~~~~
/Users/krishna/Desktop/Projects/Manas_/ios/Pods/fmt/include/fmt/base.h:2613:21: note: in call to 'parse_replacement_field<char, fmt::detail::format_string_checker<char, char[7], int> &>(&"{}{}"[1], &"{}{}"[4], checker(s))'
 2613 |         begin = p = parse_replacement_field(p - 1, end, handler);
      |                     ^~~~~~~~~~~~~~~~~~~~~~~~~~~~~~~~~~~~~~~~~~~~
/Users/krishna/Desktop/Projects/Manas_/ios/Pods/fmt/include/fmt/base.h:2884:7: note: in call to 'parse_format_string<true, char, fmt::detail::format_string_checker<char, char[7], int>>({&"{}{}"[0], 4}, checker(s))'
 2884 |       detail::parse_format_string<true>(str_, checker(s));
      |       ^~~~~~~~~~~~~~~~~~~~~~~~~~~~~~~~~~~~~~~~~~~~~~~~~~~

debug In file included from /Users/krishna/Desktop/Projects/Manas_/ios/Pods/fmt/src/format.cc:8:
/Users/krishna/Desktop/Projects/Manas_/ios/Pods/fmt/include/fmt/format-inl.h:60:22: note: in call to 'basic_format_string<FMT_COMPILE_STRING, 0>([] {
    struct __attribute__((visibility("hidden")))  FMT_COMPILE_STRING : fmt::detail::compile_string {
        using char_type [[maybe_unused]] = fmt::remove_cvref_t<decltype("{}{}"[0])>;
        [[maybe_unused]] constexpr operator fmt::basic_string_view<char_type>() const {
            return fmt::detail_exported::compile_string_to_view<char_type>("{}{}");
        }
    };
    return FMT_COMPILE_STRING();
}())'
   60 |   fmt::format_to(it, FMT_STRING("{}{}"), ERROR_STR, error_code);
      |                      ^~~~~~~~~~~~~~~~~~
In file included from /Users/krishna/Desktop/Projects/Manas_/ios/Pods/fmt/src/format.cc:8:
In file included from /Users/krishna/Desktop/Projects/Manas_/ios/Pods/fmt/include/fmt/format-inl.h:27:
/Users/krishna/Desktop/Projects/Manas_/ios/Pods/fmt/include/fmt/format.h:1827:23: note: expanded from macro 'FMT_STRING'
 1827 | #define FMT_STRING(s) FMT_STRING_IMPL(s, fmt::detail::compile_string, )
      |                       ^~~~~~~~~~~~~~~~~~~~~~~~~~~~~~~~~~~~~~~~~~~~~~~~~
/Users/krishna/Desktop/Projects/Manas_/ios/Pods/fmt/include/fmt/format.h:1806:3: note: expanded from macro 'FMT_STRING_IMPL'
 1806 |   [] {                                                                        \
      |   ^~~~~~~~~~~~~~~~~~~~~~~~~~~~~~~~~~~~~~~~~~~~~~~~~~~~~~~~~~~~~~~~~~~~~~~~~~~~~
 1807 |     /* Use the hidden visibility as a workaround for a GCC bug (#1973). */    \
      |     ~~~~~~~~~~~~~~~~~~~~~~~~~~~~~~~~~~~~~~~~~~~~~~~~~~~~~~~~~~~~~~~~~~~~~~~~~~~
 1808 |     /* Use a macro-like name to avoid shadowing warnings. */                  \
      |     ~~~~~~~~~~~~~~~~~~~~~~~~~~~~~~~~~~~~~~~~~~~~~~~~~~~~~~~~~~~~~~~~~~~~~~~~~~~
 1809 |     struct FMT_VISIBILITY("hidden") FMT_COMPILE_STRING : base {               \
      |     ~~~~~~~~~~~~~~~~~~~~~~~~~~~~~~~~~~~~~~~~~~~~~~~~~~~~~~~~~~~~~~~~~~~~~~~~~~~
 1810 |       using char_type FMT_MAYBE_UNUSED = fmt::remove_cvref_t<decltype(s[0])>; \
      |       ~~~~~~~~~~~~~~~~~~~~~~~~~~~~~~~~~~~~~~~~~~~~~~~~~~~~~~~~~~~~~~~~~~~~~~~~~
 1811 |       FMT_MAYBE_UNUSED FMT_CONSTEXPR explicit                                 \
      |       ~~~~~~~~~~~~~~~~~~~~~~~~~~~~~~~~~~~~~~~~~~~~~~~~~~~~~~~~~~~~~~~~~~~~~~~~~
 1812 |       operator fmt::basic_string_view<char_type>() const {                    \
      |       ~~~~~~~~~~~~~~~~~~~~~~~~~~~~~~~~~~~~~~~~~~~~~~~~~~~~~~~~~~~~~~~~~~~~~~~~~
 1813 |         return fmt::detail_exported::compile_string_to_view<char_type>(s);    \
      |         ~~~~~~~~~~~~~~~~~~~~~~~~~~~~~~~~~~~~~~~~~~~~~~~~~~~~~~~~~~~~~~~~~~~~~~~
 1814 |       }                                                                       \
      |       ~~~~~~~~~~~~~~~~~~~~~~~~~~~~~~~~~~~~~~~~~~~~~~~~~~~~~~~~~~~~~~~~~~~~~~~~~
 1815 |     };                                                                        \
      |     ~~~~~~~~~~~~~~~~~~~~~~~~~~~~~~~~~~~~~~~~~~~~~~~~~~~~~~~~~~~~~~~~~~~~~~~~~~~
 1816 |     return FMT_COMPILE_STRING();                                              \
      |     ~~~~~~~~~~~~~~~~~~~~~~~~~~~~~~~~~~~~~~~~~~~~~~~~~~~~~~~~~~~~~~~~~~~~~~~~~~~
 1817 |   }()
      |   ~~~
In file included from /Users/krishna/Desktop/Projects/Manas_/ios/Pods/fmt/src/format.cc:8:
/Users/krishna/Desktop/Projects/Manas_/ios/Pods/fmt/include/fmt/format-inl.h:1387:35: error: call to consteval function 'fmt::basic_format_string<char, unsigned int &>::basic_format_string<FMT_COMPILE_STRING, 0>' is not a constant expression
 1387 |         out = fmt::format_to(out, FMT_STRING("{:x}"), value);
      |                                   ^
In file included from /Users/krishna/Desktop/Projects/Manas_/ios/Pods/fmt/src/format.cc:8:
In file included from /Users/krishna/Desktop/Projects/Manas_/ios/Pods/fmt/include/fmt/format-inl.h:27:
/Users/krishna/Desktop/Projects/Manas_/ios/Pods/fmt/include/fmt/format.h:1827:23: note: expanded from macro 'FMT_STRING'
 1827 | #define FMT_STRING(s) FMT_STRING_IMPL(s, fmt::detail::compile_string, )
      |                       ^
/Users/krishna/Desktop/Projects/Manas_/ios/Pods/fmt/include/fmt/format.h:1806:3: note: expanded from macro 'FMT_STRING_IMPL'
 1806 |   [] {                                                                        \
      |   ^
In file included from /Users/krishna/Desktop/Projects/Manas_/ios/Pods/fmt/src/format.cc:8:
In file included from /Users/krishna/Desktop/Projects/Manas_/ios/Pods/fmt/include/fmt/format-inl.h:27:
In file included from /Users/krishna/Desktop/Projects/Manas_/ios/Pods/fmt/include/fmt/format.h:41:
/Users/krishna/Desktop/Projects/Manas_/ios/Pods/fmt/include/fmt/base.h:779:54: note: subexpression not valid in a constant expression
  779 |     format_str_.remove_prefix(detail::to_unsigned(it - begin()));
      |                                                   ~~~^~~~~~~~~
/Users/krishna/Desktop/Projects/Manas_/ios/Pods/fmt/include/fmt/base.h:2761:5: note: in call to 'this->context_.advance_to(&"{:x}"[2])'
 2761 |     context_.advance_to(begin);
      |     ^~~~~~~~~~~~~~~~~~~~~~~~~~
/Users/krishna/Desktop/Projects/Manas_/ios/Pods/fmt/include/fmt/base.h:2591:15: note: in call to 'handler.on_format_specs(0, &"{:x}"[2], &"{:x}"[4])'
 2591 |       begin = handler.on_format_specs(adapter.arg_id, begin + 1, end);
      |               ^~~~~~~~~~~~~~~~~~~~~~~~~~~~~~~~~~~~~~~~~~~~~~~~~~~~~~~
/Users/krishna/Desktop/Projects/Manas_/ios/Pods/fmt/include/fmt/base.h:2613:21: note: in call to 'parse_replacement_field<char, fmt::detail::format_string_checker<char, unsigned int> &>(&"{:x}"[1], &"{:x}"[4], checker(s))'
 2613 |         begin = p = parse_replacement_field(p - 1, end, handler);
      |                     ^~~~~~~~~~~~~~~~~~~~~~~~~~~~~~~~~~~~~~~~~~~~
/Users/krishna/Desktop/Projects/Manas_/ios/Pods/fmt/include/fmt/base.h:2884:7: note: in call to 'parse_format_string<true, char, fmt::detail::format_string_checker<char, unsigned int>>({&"{:x}"[0], 4}, checker(s))'
 2884 |       detail::parse_format_string<true>(str_, checker(s));
      |       ^~~~~~~~~~~~~~~~~~~~~~~~~~~~~~~~~~~~~~~~~~~~~~~~~~~
In file included from /Users/krishna/Desktop/Projects/Manas_/ios/Pods/fmt/src/format.cc:8:
/Users/krishna/Desktop/Projects/Manas_/ios/Pods/fmt/include/fmt/format-inl.h:1387:35: note: in call to 'basic_format_string<FMT_COMPILE_STRING, 0>([] {
    struct __attribute__((visibility("hidden")))  FMT_COMPILE_STRING : fmt::detail::compile_string {
        using char_type [[maybe_unused]] = fmt::remove_cvref_t<decltype("{:x}"[0])>;
        [[maybe_unused]] constexpr operator fmt::basic_string_view<char_type>() const {
            return fmt::detail_exported::compile_string_to_view<char_type>("{:x}");
        }
    };
    return FMT_COMPILE_STRING();
}())'
 1387 |         out = fmt::format_to(out, FMT_STRING("{:x}"), value);
      |                                   ^~~~~~~~~~~~~~~~~~
In file included from /Users/krishna/Desktop/Projects/Manas_/ios/Pods/fmt/src/format.cc:8:
In file included from /Users/krishna/Desktop/Projects/Manas_/ios/Pods/fmt/include/fmt/format-inl.h:27:
/Users/krishna/Desktop/Projects/Manas_/ios/Pods/fmt/include/fmt/format.h:1827:23: note: expanded from macro 'FMT_STRING'
 1827 | #define FMT_STRING(s) FMT_STRING_IMPL(s, fmt::detail::compile_string, )
      |                       ^~~~~~~~~~~~~~~~~~~~~~~~~~~~~~~~~~~~~~~~~~~~~~~~~
/Users/krishna/Desktop/Projects/Manas_/ios/Pods/fmt/include/fmt/format.h:1806:3: note: expanded from macro 'FMT_STRING_IMPL'
 1806 |   [] {                                                                        \
      |   ^~~~~~~~~~~~~~~~~~~~~~~~~~~~~~~~~~~~~~~~~~~~~~~~~~~~~~~~~~~~~~~~~~~~~~~~~~~~~
 1807 |     /* Use the hidden visibility as a workaround for a GCC bug (#1973). */    \
      |     ~~~~~~~~~~~~~~~~~~~~~~~~~~~~~~~~~~~~~~~~~~~~~~~~~~~~~~~~~~~~~~~~~~~~~~~~~~~
 1808 |     /* Use a macro-like name to avoid shadowing warnings. */                  \
      |     ~~~~~~~~~~~~~~~~~~~~~~~~~~~~~~~~~~~~~~~~~~~~~~~~~~~~~~~~~~~~~~~~~~~~~~~~~~~
 1809 |     struct FMT_VISIBILITY("hidden") FMT_COMPILE_STRING : base {               \
      |     ~~~~~~~~~~~~~~~~~~~~~~~~~~~~~~~~~~~~~~~~~~~~~~~~~~~~~~~~~~~~~~~~~~~~~~~~~~~
 1810 |       using char_type FMT_MAYBE_UNUSED = fmt::remove_cvref_t<decltype(s[0])>; \
      |       ~~~~~~~~~~~~~~~~~~~~~~~~~~~~~~~~~~~~~~~~~~~~~~~~~~~~~~~~~~~~~~~~~~~~~~~~~
 1811 |       FMT_MAYBE_UNUSED FMT_CONSTEXPR explicit                                 \
      |       ~~~~~~~~~~~~~~~~~~~~~~~~~~~~~~~~~~~~~~~~~~~~~~~~~~~~~~~~~~~~~~~~~~~~~~~~~
 1812 |       operator fmt::basic_string_view<char_type>() const {                    \
      |       ~~~~~~~~~~~~~~~~~~~~~~~~~~~~~~~~~~~~~~~~~~~~~~~~~~~~~~~~~~~~~~~~~~~~~~~~~
 1813 |         return fmt::detail_exported::compile_string_to_view<char_type>(s);    \
      |         ~~~~~~~~~~~~~~~~~~~~~~~~~~~~~~~~~~~~~~~~~~~~~~~~~~~~~~~~~~~~~~~~~~~~~~~
 1814 |       }                                                                       \
      |       ~~~~~~~~~~~~~~~~~~~~~~~~~~~~~~~~~~~~~~~~~~~~~~~~~~~~~~~~~~~~~~~~~~~~~~~~~
 1815 |     };                                                                        \
      |     ~~~~~~~~~~~~~~~~~~~~~~~~~~~~~~~~~~~~~~~~~~~~~~~~~~~~~~~~~~~~~~~~~~~~~~~~~~~
 1816 |     return FMT_COMPILE_STRING();                                              \
      |     ~~~~~~~~~~~~~~~~~~~~~~~~~~~~~~~~~~~~~~~~~~~~~~~~~~~~~~~~~~~~~~~~~~~~~~~~~~~
 1817 |   }()
      |   ~~~
In file included from /Users/krishna/Desktop/Projects/Manas_/ios/Pods/fmt/src/format.cc:8:
/Users/krishna/Desktop/Projects/Manas_/ios/Pods/fmt/include/fmt/format-inl.h:1391:33: error: call to consteval function 'fmt::basic_format_string<char, unsigned int &>::basic_format_string<FMT_COMPILE_STRING, 0>' is not a constant expression
 1391 |       out = fmt::format_to(out, FMT_STRING("{:08x}"), val
debug ue);
      |                                 ^
In file included from /Users/krishna/Desktop/Projects/Manas_/ios/Pods/fmt/src/format.cc:8:
In file included from /Users/krishna/Desktop/Projects/Manas_/ios/Pods/fmt/include/fmt/format-inl.h:27:
/Users/krishna/Desktop/Projects/Manas_/ios/Pods/fmt/include/fmt/format.h:1827:23: note: expanded from macro 'FMT_STRING'
 1827 | #define FMT_STRING(s) FMT_STRING_IMPL(s, fmt::detail::compile_string, )
      |                       ^
/Users/krishna/Desktop/Projects/Manas_/ios/Pods/fmt/include/fmt/format.h:1806:3: note: expanded from macro 'FMT_STRING_IMPL'
 1806 |   [] {                                                                        \
      |   ^
In file included from /Users/krishna/Desktop/Projects/Manas_/ios/Pods/fmt/src/format.cc:8:
In file included from /Users/krishna/Desktop/Projects/Manas_/ios/Pods/fmt/include/fmt/format-inl.h:27:
In file included from /Users/krishna/Desktop/Projects/Manas_/ios/Pods/fmt/include/fmt/format.h:41:
/Users/krishna/Desktop/Projects/Manas_/ios/Pods/fmt/include/fmt/base.h:779:54: note: subexpression not valid in a constant expression
  779 |     format_str_.remove_prefix(detail::to_unsigned(it - begin()));
      |                                                   ~~~^~~~~~~~~
/Users/krishna/Desktop/Projects/Manas_/ios/Pods/fmt/include/fmt/base.h:2761:5: note: in call to 'this->context_.advance_to(&"{:08x}"[2])'
 2761 |     context_.advance_to(begin);
      |     ^~~~~~~~~~~~~~~~~~~~~~~~~~
/Users/krishna/Desktop/Projects/Manas_/ios/Pods/fmt/include/fmt/base.h:2591:15: note: in call to 'handler.on_format_specs(0, &"{:08x}"[2], &"{:08x}"[6])'
 2591 |       begin = handler.on_format_specs(adapter.arg_id, begin + 1, end);
      |               ^~~~~~~~~~~~~~~~~~~~~~~~~~~~~~~~~~~~~~~~~~~~~~~~~~~~~~~
/Users/krishna/Desktop/Projects/Manas_/ios/Pods/fmt/include/fmt/base.h:2613:21: note: in call to 'parse_replacement_field<char, fmt::detail::format_string_checker<char, unsigned int> &>(&"{:08x}"[1], &"{:08x}"[6], checker(s))'
 2613 |         begin = p = parse_replacement_field(p - 1, end, handler);
      |                     ^~~~~~~~~~~~~~~~~~~~~~~~~~~~~~~~~~~~~~~~~~~~
/Users/krishna/Desktop/Projects/Manas_/ios/Pods/fmt/include/fmt/base.h:2884:7: note: in call to 'parse_format_string<true, char, fmt::detail::format_string_checker<char, unsigned int>>({&"{:08x}"[0], 6}, checker(s))'
 2884 |       detail::parse_format_string<true>(str_, checker(s));
      |       ^~~~~~~~~~~~~~~~~~~~~~~~~~~~~~~~~~~~~~~~~~~~~~~~~~~
In file included from /Users/krishna/Desktop/Projects/Manas_/ios/Pods/fmt/src/format.cc:8:
/Users/krishna/Desktop/Projects/Manas_/ios/Pods/fmt/include/fmt/format-inl.h:1391:33: note: in call to 'basic_format_string<FMT_COMPILE_STRING, 0>([] {
    struct __attribute__((visibility("hidden")))  FMT_COMPILE_STRING : fmt::detail::compile_string {
        using char_type [[maybe_unused]] = fmt::remove_cvref_t<decltype("{:08x}"[0])>;
        [[maybe_unused]] constexpr operator fmt::basic_string_view<char_type>() const {
            return fmt::detail_exported::compile_string_to_view<char_type>("{:08x}");
        }
    };
    return FMT_COMPILE_STRING();
}())'
 1391 |       out = fmt::format_to(out, FMT_STRING("{:08x}"), value);
      |                                 ^~~~~~~~~~~~~~~~~~~~
In file included from /Users/krishna/Desktop/Projects/Manas_/ios/Pods/fmt/src/format.cc:8:
In file included from /Users/krishna/Desktop/Projects/Manas_/ios/Pods/fmt/include/fmt/format-inl.h:27:
/Users/krishna/Desktop/Projects/Manas_/ios/Pods/fmt/include/fmt/format.h:1827:23: note: expanded from macro 'FMT_STRING'
 1827 | #define FMT_STRING(s) FMT_STRING_IMPL(s, fmt::detail::compile_string, )
      |                       ^~~~~~~~~~~~~~~~~~~~~~~~~~~~~~~~~~~~~~~~~~~~~~~~~
/Users/krishna/Desktop/Projects/Manas_/ios/Pods/fmt/include/fmt/format.h:1806:3: note: expanded from macro 'FMT_STRING_IMPL'
 1806 |   [] {                                                                        \
      |   ^~~~~~~~~~~~~~~~~~~~~~~~~~~~~~~~~~~~~~~~~~~~~~~~~~~~~~~~~~~~~~~~~~~~~~~~~~~~~
 1807 |     /* Use the hidden visibility as a workaround for a GCC bug (#1973). */    \
      |     ~~~~~~~~~~~~~~~~~~~~~~~~~~~~~~~~~~~~~~~~~~~~~~~~~~~~~~~~~~~~~~~~~~~~~~~~~~~
 1808 |     /* Use a macro-like name to avoid shadowing warnings. */                  \
      |     ~~~~~~~~~~~~~~~~~~~~~~~~~~~~~~~~~~~~~~~~~~~~~~~~~~~~~~~~~~~~~~~~~~~~~~~~~~~
 1809 |     struct FMT_VISIBILITY("hidden") FMT_COMPILE_STRING : base {               \
      |     ~~~~~~~~~~~~~~~~~~~~~~~~~~~~~~~~~~~~~~~~~~~~~~~~~~~~~~~~~~~~~~~~~~~~~~~~~~~
 1810 |       using char_type FMT_MAYBE_UNUSED = fmt::remove_cvref_t<decltype(s[0])>; \
      |       ~~~~~~~~~~~~~~~~~~~~~~~~~~~~~~~~~~~~~~~~~~~~~~~~~~~~~~~~~~~~~~~~~~~~~~~~~
 1811 |       FMT_MAYBE_UNUSED FMT_CONSTEXPR explicit                                 \
      |       ~~~~~~~~~~~~~~~~~~~~~~~~~~~~~~~~~~~~~~~~~~~~~~~~~~~~~~~~~~~~~~~~~~~~~~~~~
 1812 |       operator fmt::basic_string_view<char_type>() const {                    \
      |       ~~~~~~~~~~~~~~~~~~~~~~~~~~~~~~~~~~~~~~~~~~~~~~~~~~~~~~~~~~~~~~~~~~~~~~~~~
 1813 |         return fmt::detail_exported::compile_string_to_view<char_type>(s);    \
      |         ~~~~~~~~~~~~~~~~~~~~~~~~~~~~~~~~~~~~~~~~~~~~~~~~~~~~~~~~~~~~~~~~~~~~~~~
 1814 |       }                                                                       \
      |       ~~~~~~~~~~~~~~~~~~~~~~~~~~~~~~~~~~~~~~~~~~~~~~~~~~~~~~~~~~~~~~~~~~~~~~~~~
 1815 |     };                                                                        \
      |     ~~~~~~~~~~~~~~~~~~~~~~~~~~~~~~~~~~~~~~~~~~~~~~~~~~~~~~~~~~~~~~~~~~~~~~~~~~~
 1816 |     return FMT_COMPILE_STRING();                                              \
      |     ~~~~~~~~~~~~~~~~~~~~~~~~~~~~~~~~~~~~~~~~~~~~~~~~~~~~~~~~~~~~~~~~~~~~~~~~~~~
 1817 |   }()
      |   ~~~
In file included from /Users/krishna/Desktop/Projects/Manas_/ios/Pods/fmt/src/format.cc:8:
/Users/krishna/Desktop/Projects/Manas_/ios/Pods/fmt/include/fmt/format-inl.h:1394:33: error: call to consteval function 'fmt::basic_format_string<char, int>::basic_format_string<FMT_COMPILE_STRING, 0>' is not a constant expression
 1394 |       out = fmt::format_to(out, FMT_STRING("p{}"),
      |                                 ^
In file included from /Users/krishna/Desktop/Projects/Manas_/ios/Pods/fmt/src/format.cc:8:
In file included from /Users/krishna/Desktop/Projects/Manas_/ios/Pods/fmt/include/fmt/format-inl.h:27:
/Users/krishna/Desktop/Projects/Manas_/ios/Pods/fmt/include/fmt/format.h:1827:23: note: expanded from macro 'FMT_STRING'
 1827 | #define FMT_STRING(s) FMT_STRING_IMPL(s, fmt::detail::compile_string, )
      |                       ^
/Users/krishna/Desktop/Projects/Manas_/ios/Pods/fmt/include/fmt/format.h:1806:3: note: expanded from macro 'FMT_STRING_IMPL'
 1806 |   [] {                                                                        \
      |   ^
In file included from /Users/krishna/Desktop/Projects/Manas_/ios/Pods/fmt/src/format.cc:8:
In file included from /Users/krishna/Desktop/Projects/Manas_/ios/Pods/fmt/include/fmt/format-inl.h:27:
In file included from /Users/krishna/Desktop/Projects/Manas_/ios/Pods/fmt/include/fmt/format.h:41:
/Users/krishna/Desktop/Projects/Manas_/ios/Pods/fmt/include/fmt/base.h:779:54: note: subexpression not valid in a constant expression
  779 |     format_str_.remove_prefix(detail::to_unsigned(it - begin()));
      |                                                   ~~~^~~~~~~~~
/Users/krishna/Desktop/Projects/Manas_/ios/Pods/fmt/include/fmt/base.h:2761:5: note: in call to 'this->context_.advance_to(&"p{}"[2])'
 2761 |     context_.advance_to(begin);
      |     ^~~~~~~~~~~~~~~~~~~~~~~~~~
/Users/krishna/Desktop/Projects/Manas_/ios/Pods/fmt/include/fmt/base.h:2756:5: note: in call to 'this->on_format_specs(0, &"p{}"[2], &"p{}"[2])'
 2756 |     on_format_specs(id, begin, begin);  // Call parse() on empty specs.
      |     ^~~~~~~~~~~~~~~~~~~~~~~~~~~~~~~~~
/Users/krishna/Desktop/Projects/Manas_/ios/Pods/fmt/include/fmt/base.h:2581:5: note: in call to 'handler.on_replacement_field(0, &"p{}"[2])'
 2581 |     handler.on_replacement_field(handler.on_arg_id(), begin);
      |     ^~~~~~~~~~~~~~~~~~~~~~~~~~~~~~~~~~~~~~~~~~~~~~~~~~~~~~~~
/Users/krishna/Desktop/Projects/Manas_/ios/Pods/fmt/include/fmt/base.h:2613:21: note: in call to 'parse_replacement_field<char, fmt::detail::format_string_checker<char, int> &>(&"p{}"[2], &"p{}"[3], checker(s))'
 2613 |         begin = p = parse_replacement_field(p - 1, end, handler);
      |                     ^~~~~~~~~~~~~~~~~~~~~~~~~~~~~~~~~~~~~~~~~~~~
/Users/krishna/Desktop/Projects/Manas_/ios/Pods/fmt/include/fmt/base.h:2884:7: note: in call to 'parse_format_string<true, char, fmt::detail::format_string_checker<char, int>>({&"p{}"[0], 3}, checker(s))'
 2884 |       detail::parse_format_string<true>(
debug str_, checker(s));
      |       ^~~~~~~~~~~~~~~~~~~~~~~~~~~~~~~~~~~~~~~~~~~~~~~~~~~
In file included from /Users/krishna/Desktop/Projects/Manas_/ios/Pods/fmt/src/format.cc:8:
/Users/krishna/Desktop/Projects/Manas_/ios/Pods/fmt/include/fmt/format-inl.h:1394:33: note: in call to 'basic_format_string<FMT_COMPILE_STRING, 0>([] {
    struct __attribute__((visibility("hidden")))  FMT_COMPILE_STRING : fmt::detail::compile_string {
        using char_type [[maybe_unused]] = fmt::remove_cvref_t<decltype("p{}"[0])>;
        [[maybe_unused]] constexpr operator fmt::basic_string_view<char_type>() const {
            return fmt::detail_exported::compile_string_to_view<char_type>("p{}");
        }
    };
    return FMT_COMPILE_STRING();
}())'
 1394 |       out = fmt::format_to(out, FMT_STRING("p{}"),
      |                                 ^~~~~~~~~~~~~~~~~
In file included from /Users/krishna/Desktop/Projects/Manas_/ios/Pods/fmt/src/format.cc:8:
In file included from /Users/krishna/Desktop/Projects/Manas_/ios/Pods/fmt/include/fmt/format-inl.h:27:
/Users/krishna/Desktop/Projects/Manas_/ios/Pods/fmt/include/fmt/format.h:1827:23: note: expanded from macro 'FMT_STRING'
 1827 | #define FMT_STRING(s) FMT_STRING_IMPL(s, fmt::detail::compile_string, )
      |                       ^~~~~~~~~~~~~~~~~~~~~~~~~~~~~~~~~~~~~~~~~~~~~~~~~
/Users/krishna/Desktop/Projects/Manas_/ios/Pods/fmt/include/fmt/format.h:1806:3: note: expanded from macro 'FMT_STRING_IMPL'
 1806 |   [] {                                                                        \
      |   ^~~~~~~~~~~~~~~~~~~~~~~~~~~~~~~~~~~~~~~~~~~~~~~~~~~~~~~~~~~~~~~~~~~~~~~~~~~~~
 1807 |     /* Use the hidden visibility as a workaround for a GCC bug (#1973). */    \
      |     ~~~~~~~~~~~~~~~~~~~~~~~~~~~~~~~~~~~~~~~~~~~~~~~~~~~~~~~~~~~~~~~~~~~~~~~~~~~
 1808 |     /* Use a macro-like name to avoid shadowing warnings. */                  \
      |     ~~~~~~~~~~~~~~~~~~~~~~~~~~~~~~~~~~~~~~~~~~~~~~~~~~~~~~~~~~~~~~~~~~~~~~~~~~~
 1809 |     struct FMT_VISIBILITY("hidden") FMT_COMPILE_STRING : base {               \
      |     ~~~~~~~~~~~~~~~~~~~~~~~~~~~~~~~~~~~~~~~~~~~~~~~~~~~~~~~~~~~~~~~~~~~~~~~~~~~
 1810 |       using char_type FMT_MAYBE_UNUSED = fmt::remove_cvref_t<decltype(s[0])>; \
      |       ~~~~~~~~~~~~~~~~~~~~~~~~~~~~~~~~~~~~~~~~~~~~~~~~~~~~~~~~~~~~~~~~~~~~~~~~~
 1811 |       FMT_MAYBE_UNUSED FMT_CONSTEXPR explicit                                 \
      |       ~~~~~~~~~~~~~~~~~~~~~~~~~~~~~~~~~~~~~~~~~~~~~~~~~~~~~~~~~~~~~~~~~~~~~~~~~
 1812 |       operator fmt::basic_string_view<char_type>() const {                    \
      |       ~~~~~~~~~~~~~~~~~~~~~~~~~~~~~~~~~~~~~~~~~~~~~~~~~~~~~~~~~~~~~~~~~~~~~~~~~
 1813 |         return fmt::detail_exported::compile_string_to_view<char_type>(s);    \
      |         ~~~~~~~~~~~~~~~~~~~~~~~~~~~~~~~~~~~~~~~~~~~~~~~~~~~~~~~~~~~~~~~~~~~~~~~
 1814 |       }                                                                       \
      |       ~~~~~~~~~~~~~~~~~~~~~~~~~~~~~~~~~~~~~~~~~~~~~~~~~~~~~~~~~~~~~~~~~~~~~~~~~
 1815 |     };                                                                        \
      |     ~~~~~~~~~~~~~~~~~~~~~~~~~~~~~~~~~~~~~~~~~~~~~~~~~~~~~~~~~~~~~~~~~~~~~~~~~~~
 1816 |     return FMT_COMPILE_STRING();                                              \
      |     ~~~~~~~~~~~~~~~~~~~~~~~~~~~~~~~~~~~~~~~~~~~~~~~~~~~~~~~~~~~~~~~~~~~~~~~~~~~
 1817 |   }()
      |   ~~~
5 errors generated.

debug 

debug CompileC /Users/krishna/Library/Developer/Xcode/DerivedData/Hrms_-fwmimlbgucwnlkdgjryadaszcdfx/Build/Intermediates.noindex/Pods.build/Debug-iphonesimulator/RCT-Folly.build/Objects-normal/arm64/json.o /Users/krishna/Desktop/Projects/Manas_/ios/Pods/RCT-Folly/folly/json/json.cpp normal arm64 c++ com.apple.compilers.llvm.clang.1_0.compiler (in target 'RCT-Folly' from project 'Pods')
    cd /Users/krishna/Desktop/Projects/Manas_/ios/Pods
    
    Using response file: /Users/krishna/Library/Developer/Xcode/DerivedData/Hrms_-fwmimlbgucwnlkdgjryadaszcdfx/Build/Intermediates.noindex/Pods.build/Debug-iphonesimulator/RCT-Folly.build/Objects-normal/arm64/82b82416624d2658e5098eb0a28c15c5-common-args.resp
    
    /Applications/Xcode.app/Contents/Developer/Toolchains/XcodeDefault.xctoolchain/usr/bin/clang -x c++ -ivfsstatcache /Users/krishna/Library/Developer/Xcode/DerivedData/SDKStatCaches.noindex/iphonesimulator26.5-23F81a-6cfe768891a92b912361537c460fe42b.sdkstatcache -target arm64-apple-ios15.1-simulator -fmessage-length\=0 -fdiagnostics-show-note-include-stack -fmacro-backtrace-limit\=0 -fno-color-diagnostics -fmodules-prune-interval\=86400 -fmodules-prune-after\=345600 -fbuild-session-file\=/Users/krishna/Library/Developer/Xcode/DerivedData/ModuleCache.noindex/Session.modulevalidation -fmodules-validate-once-per-build-session -Wnon-modular-include-in-framework-module -Werror\=non-modular-include-in-framework-module -Wno-trigraphs -Wno-missing-field-initializers -Wno-missing-prototypes -Werror\=return-type -Wdocumentation -Wunreachable-code -Werror\=deprecated-objc-isa-usage -Werror\=objc-root-class -Wno-non-virtual-dtor -Wno-overloaded-virtual -Wno-exit-time-destructors -Wno-missing-braces -Wparentheses -Wswitch -Wunused-function -Wno-unused-label -Wno-unused-parameter -Wunused-variable -Wunused-value -Wempty-body -Wuninitialized -Wconditional-uninitialized -Wno-unknown-pragmas -w -Wno-shadow -Wno-four-char-constants -Wno-conversion -Wconstant-conversion -Wint-conversion -Wbool-conversion -Wenum-conversion -Wno-float-conversion -Wnon-literal-null-conversion -Wobjc-literal-conversion -Wshorten-64-to-32 -Wno-newline-eof -Wno-c++11-extensions -Wno-implicit-fallthrough -isysroot /Applications/Xcode.app/Contents/Developer/Platforms/iPhoneSimulator.platform/Developer/SDKs/iPhoneSimulator26.5.sdk -fstrict-aliasing -Wdeprecated-declarations -Winvalid-offsetof -Wno-sign-conversion -Winfinite-recursion -Wmove -Wcomma -Wblock-capture-autoreleasing -Wstrict-prototypes -Wrange-loop-analysis -Wno-semicolon-before-method-body -Wunguarded-availability -index-store-path /Users/krishna/Library/Developer/Xcode/DerivedData/Hrms_-fwmimlbgucwnlkdgjryadaszcdfx/Index.noindex/DataStore @/Users/krishna/Library/Developer/Xcode/DerivedData/Hrms_-fwmimlbgucwnlkdgjryadaszcdfx/Build/Intermediates.noindex/Pods.build/Debug-iphonesimulator/RCT-Folly.build/Objects-normal/arm64/82b82416624d2658e5098eb0a28c15c5-common-args.resp -Wno-documentation -faligned-new -include /Users/krishna/Desktop/Projects/Manas_/ios/Pods/Target\ Support\ Files/RCT-Folly/RCT-Folly-prefix.pch -MMD -MT dependencies -MF /Users/krishna/Library/Developer/Xcode/DerivedData/Hrms_-fwmimlbgucwnlkdgjryadaszcdfx/Build/Intermediates.noindex/Pods.build/Debug-iphonesimulator/RCT-Folly.build/Objects-normal/arm64/json.d --serialize-diagnostics /Users/krishna/Library/Developer/Xcode/DerivedData/Hrms_-fwmimlbgucwnlkdgjryadaszcdfx/Build/Intermediates.noindex/Pods.build/Debug-iphonesimulator/RCT-Folly.build/Objects-normal/arm64/json.dia -c /Users/krishna/Desktop/Projects/Manas_/ios/Pods/RCT-Folly/folly/json/json.cpp -o /Users/krishna/Library/Developer/Xcode/DerivedData/Hrms_-fwmimlbgucwnlkdgjryadaszcdfx/Build/Intermediates.noindex/Pods.build/Debug-iphonesimulator/RCT-Folly.build/Objects-normal/arm64/json.o -index-unit-output-path /Pods.build/Debug-iphonesimulator/RCT-Folly.build/Objects-normal/arm64/json.o

debug 

debug CompileC /Users/krishna/Library/Developer/Xcode/DerivedData/Hrms_-fwmimlbgucwnlkdgjryadaszcdfx/Build/Intermediates.noindex/Pods.build/Debug-iphonesimulator/RCT-Folly.build/Objects-normal/arm64/dynamic.o /Users/krishna/Desktop/Projects/Manas_/ios/Pods/RCT-Folly/folly/json/dynamic.cpp normal arm64 c++ com.apple.compilers.llvm.clang.1_0.compiler (in target 'RCT-Folly' from project 'Pods')
    cd /Users/krishna/Desktop/Projects/Manas_/ios/Pods
    
    Using response file: /Users/krishna/Library/Developer/Xcode/DerivedData/Hrms_-fwmimlbgucwnlkdgjryadaszcdfx/Build/Intermediates.noindex/Pods.build/Debug-iphonesimulator/RCT-Folly.build/Objects-normal/arm64/82b82416624d2658e5098eb0a28c15c5-common-args.resp
    
    /Applications/Xcode.app/Contents/Developer/Toolchains/XcodeDefault.xctoolchain/usr/bin/clang -x c++ -ivfsstatcache /Users/krishna/Library/Developer/Xcode/DerivedData/SDKStatCaches.noindex/iphonesimulator26.5-23F81a-6cfe768891a92b912361537c460fe42b.sdkstatcache -target arm64-apple-ios15.1-simulator -fmessage-length\=0 -fdiagnostics-show-note-include-stack -fmacro-backtrace-limit\=0 -fno-color-diagnostics -fmodules-prune-interval\=86400 -fmodules-prune-after\=345600 -fbuild-session-file\=/Users/krishna/Library/Developer/Xcode/DerivedData/ModuleCache.noindex/Session.modulevalidation -fmodules-validate-once-per-build-session -Wnon-modular-include-in-framework-module -Werror\=non-modular-include-in-framework-module -Wno-trigraphs -Wno-missing-field-initializers -Wno-missing-prototypes -Werror\=return-type -Wdocumentation -Wunreachable-code -Werror\=deprecated-objc-isa-usage -Werror\=objc-root-class -Wno-non-virtual-dtor -Wno-overloaded-virtual -Wno-exit-time-destructors -Wno-missing-braces -Wparentheses -Wswitch -Wunused-function -Wno-unused-label -Wno-unused-parameter -Wunused-variable -Wunused-value -Wempty-body -Wuninitialized -Wconditional-uninitialized -Wno-unknown-pragmas -w -Wno-shadow -Wno-four-char-constants -Wno-conversion -Wconstant-conversion -Wint-conversion -Wbool-conversion -Wenum-conversion -Wno-float-conversion -Wnon-literal-null-conversion -Wobjc-literal-conversion -Wshorten-64-to-32 -Wno-newline-eof -Wno-c++11-extensions -Wno-implicit-fallthrough -isysroot /Applications/Xcode.app/Contents/Developer/Platforms/iPhoneSimulator.platform/Developer/SDKs/iPhoneSimulator26.5.sdk -fstrict-aliasing -Wdeprecated-declarations -Winvalid-offsetof -Wno-sign-conversion -Winfinite-recursion -Wmove -Wcomma -Wblock-capture-autoreleasing -Wstrict-prototypes -Wrange-loop-analysis -Wno-semicolon-before-method-body -Wunguarded-availability -index-store-path /Users/krishna/Library/Developer/Xcode/DerivedData/Hrms_-fwmimlbgucwnlkdgjryadaszcdfx/Index.noindex/DataStore @/Users/krishna/Library/Developer/Xcode/DerivedData/Hrms_-fwmimlbgucwnlkdgjryadaszcdfx/Build/Intermediates.noindex/Pods.build/Debug-iphonesimulator/RCT-Folly.build/Objects-normal/arm64/82b82416624d2658e5098eb0a28c15c5-common-args.resp -Wno-documentation -faligned-new -include /Users/krishna/Desktop/Projects/Manas_/ios/Pods/Target\ Support\ Files/RCT-Folly/RCT-Folly-prefix.pch -MMD -MT dependencies -MF /Users/krishna/Library/Developer/Xcode/DerivedData/Hrms_-fwmimlbgucwnlkdgjryadaszcdfx/Build/Intermediates.noindex/Pods.build/Debug-iphonesimulator/RCT-Folly.build/Objects-normal/arm64/dynamic.d --serialize-diagnostics /Users/krishna/Library/Developer/Xcode/DerivedData/Hrms_-fwmimlbgucwnlkdgjryadaszcdfx/Build/Intermediates.noindex/Pods.build/Debug-iphonesimulator/RCT-Folly.build/Objects-normal/arm64/dynamic.dia -c /Users/krishna/Desktop/Projects/Manas_/ios/Pods/RCT-Folly/folly/json/dynamic.cpp -o /Users/krishna/Library/Developer/Xcode/DerivedData/Hrms_-fwmimlbgucwnlkdgjryadaszcdfx/Build/Intermediates.noindex/Pods.build/Debug-iphonesimulator/RCT-Folly.build/Objects-normal/arm64/dynamic.o -index-unit-output-path /Pods.build/Debug-iphonesimulator/RCT-Folly.build/Objects-normal/arm64/dynamic.o

debug 
SwiftEmitModule normal arm64 Emitting\ module\ for\ FirebaseCoreInternal (in target 'FirebaseCoreInternal' from project 'Pods')

EmitSwiftModule normal arm64 (in target 'FirebaseCoreInternal' from project 'Pods')
    cd /Users/krishna/Desktop/Projects/Manas_/ios/Pods
    


debug CompileC /Users/krishna/Library/Developer/Xcode/DerivedData/Hrms_-fwmimlbgucwnlkdgjryadaszcdfx/Build/Intermediates.noindex/Pods.build/Debug-iphonesimulator/RCT-Folly.build/Objects-normal/arm64/ThreadId.o /Users/krishna/Desktop/Projects/Manas_/ios/Pods/RCT-Folly/folly/system/ThreadId.cpp normal arm64 c++ com.apple.compilers.llvm.clang.1_0.compiler (in target 'RCT-Folly' from project 'Pods')
    cd /Users/krishna/Desktop/Projects/Manas_/ios/Pods
    
    Using response file: /Users/krishna/Library/Developer/Xcode/DerivedData/Hrms_-fwmimlbgucwnlkdgjryadaszcdfx/Build/Intermediates.noindex/Pods.build/Debug-iphonesimulator/RCT-Folly.build/Objects-normal/arm64/82b82416624d2658e5098eb0a28c15c5-common-args.resp
    
    /Applications/Xcode.app/Contents/Developer/Toolchains/XcodeDefault.xctoolchain/usr/bin/clang -x c++ -ivfsstatcache /Users/krishna/Library/Developer/Xcode/DerivedData/SDKStatCaches.noindex/iphonesimulator26.5-23F81a-6cfe768891a92b912361537c460fe42b.sdkstatcache -target arm64-apple-ios15.1-simulator -fmessage-length\=0 -fdiagnostics-show-note-include-stack -fmacro-backtrace-limit\=0 -fno-color-diagnostics -fmodules-prune-interval\=86400 -fmodules-prune-after\=345600 -fbuild-session-file\=/Users/krishna/Library/Developer/Xcode/DerivedData/ModuleCache.noindex/Session.modulevalidation -fmodules-validate-once-per-build-session -Wnon-modular-include-in-framework-module -Werror\=non-modular-include-in-framework-module -Wno-trigraphs -Wno-missing-field-initializers -Wno-missing-prototypes -Werror\=return-type -Wdocumentation -Wunreachable-code -Werror\=deprecated-objc-isa-usage -Werror\=objc-root-class -Wno-non-virtual-dtor -Wno-overloaded-virtual -Wno-exit-time-destructors -Wno-missing-braces -Wparentheses -Wswitch -Wunused-function -Wno-unused-label -Wno-unused-parameter -Wunused-variable -Wunused-value -Wempty-body -Wuninitialized -Wconditional-uninitialized -Wno-unknown-pragmas -w -Wno-shadow -Wno-four-char-constants -Wno-conversion -Wconstant-conversion -Wint-conversion -Wbool-conversion -Wenum-conversion -Wno-float-conversion -Wnon-literal-null-conversion -Wobjc-literal-conversion -Wshorten-64-to-32 -Wno-newline-eof -Wno-c++11-extensions -Wno-implicit-fallthrough -isysroot /Applications/Xcode.app/Contents/Developer/Platforms/iPhoneSimulator.platform/Developer/SDKs/iPhoneSimulator26.5.sdk -fstrict-aliasing -Wdeprecated-declarations -Winvalid-offsetof -Wno-sign-conversion -Winfinite-recursion -Wmove -Wcomma -Wblock-capture-autoreleasing -Wstrict-prototypes -Wrange-loop-analysis -Wno-semicolon-before-method-body -Wunguarded-availability -index-store-path /Users/krishna/Library/Developer/Xcode/DerivedData/Hrms_-fwmimlbgucwnlkdgjryadaszcdfx/Index.noindex/DataStore @/Users/krishna/Library/Developer/Xcode/DerivedData/Hrms_-fwmimlbgucwnlkdgjryadaszcdfx/Build/Intermediates.noindex/Pods.build/Debug-iphonesimulator/RCT-Folly.build/Objects-normal/arm64/82b82416624d2658e5098eb0a28c15c5-common-args.resp -Wno-documentation -faligned-new -include /Users/krishna/Desktop/Projects/Manas_/ios/Pods/Target\ Support\ Files/RCT-Folly/RCT-Folly-prefix.pch -MMD -MT dependencies -MF /Users/krishna/Library/Developer/Xcode/DerivedData/Hrms_-fwmimlbgucwnlkdgjryadaszcdfx/Build/Intermediates.noindex/Pods.build/Debug-iphonesimulator/RCT-Folly.build/Objects-normal/arm64/ThreadId.d --serialize-diagnostics /Users/krishna/Library/Developer/Xcode/DerivedData/Hrms_-fwmimlbgucwnlkdgjryadaszcdfx/Build/Intermediates.noindex/Pods.build/Debug-iphonesimulator/RCT-Folly.build/Objects-normal/arm64/ThreadId.dia -c /Users/krishna/Desktop/Projects/Manas_/ios/Pods/RCT-Folly/folly/system/ThreadId.cpp -o /Users/krishna/Library/Developer/Xcode/DerivedData/Hrms_-fwmimlbgucwnlkdgjryadaszcdfx/Build/Intermediates.noindex/Pods.build/Debug-iphonesimulator/RCT-Folly.build/Objects-normal/arm64/ThreadId.o -index-unit-output-path /Pods.build/Debug-iphonesimulator/RCT-Folly.build/Objects-normal/arm64/ThreadId.o

debug 

debug CompileC /Users/krishna/Library/Developer/Xcode/DerivedData/Hrms_-fwmimlbgucwnlkdgjryadaszcdfx/Build/Intermediates.noindex/Pods.build/Debug-iphonesimulator/RCT-Folly.build/Objects-normal/arm64/SysUio.o /Users/krishna/Desktop/Projects/Manas_/ios/Pods/RCT-Folly/folly/portability/SysUio.cpp normal arm64 c++ com.apple.compilers.llvm.clang.1_0.compiler (in target 'RCT-Folly' from project 'Pods')
    cd /Users/krishna/Desktop/Projects/Manas_/ios/Pods
    
    Using response file: /Users/krishna/Library/Developer/Xcode/DerivedData/Hrms_-fwmimlbgucwnlkdgjryadaszcdfx/Build/Intermediates.noindex/Pods.build/Debug-iphonesimulator/RCT-Folly.build/Objects-normal/arm64/82b82416624d2658e5098eb0a28c15c5-common-args.resp
    
    /Applications/Xcode.app/Contents/Developer/Toolchains/XcodeDefault.xctoolchain/usr/bin/clang -x c++ -ivfsstatcache /Users/krishna/Library/Developer/Xcode/DerivedData/SDKStatCaches.noindex/iphonesimulator26.5-23F81a-6cfe768891a92b912361537c460fe42b.sdkstatcache -target arm64-apple-ios15.1-simulator -fmessage-length\=0 -fdiagnostics-show-note-include-stack -fmacro-backtrace-limit\=0 -fno-color-diagnostics -fmodules-prune-interval\=86400 -fmodules-prune-after\=345600 -fbuild-session-file\=/Users/krishna/Library/Developer/Xcode/DerivedData/ModuleCache.noindex/Session.modulevalidation -fmodules-validate-once-per-build-session -Wnon-modular-include-in-framework-module -Werror\=non-modular-include-in-framework-module -Wno-trigraphs -Wno-missing-field-initializers -Wno-missing-prototypes -Werror\=return-type -Wdocumentation -Wunreachable-code -Werror\=deprecated-objc-isa-usage -Werror\=objc-root-class -Wno-non-virtual-dtor -Wno-overloaded-virtual -Wno-exit-time-destructors -Wno-missing-braces -Wparentheses -Wswitch -Wunused-function -Wno-unused-label -Wno-unused-parameter -Wunused-variable -Wunused-value -Wempty-body -Wuninitialized -Wconditional-uninitialized -Wno-unknown-pragmas -w -Wno-shadow -Wno-four-char-constants -Wno-conversion -Wconstant-conversion -Wint-conversion -Wbool-conversion -Wenum-conversion -Wno-float-conversion -Wnon-literal-null-conversion -Wobjc-literal-conversion -Wshorten-64-to-32 -Wno-newline-eof -Wno-c++11-extensions -Wno-implicit-fallthrough -isysroot /Applications/Xcode.app/Contents/Developer/Platforms/iPhoneSimulator.platform/Developer/SDKs/iPhoneSimulator26.5.sdk -fstrict-aliasing -Wdeprecated-declarations -Winvalid-offsetof -Wno-sign-conversion -Winfinite-recursion -Wmove -Wcomma -Wblock-capture-autoreleasing -Wstrict-prototypes -Wrange-loop-analysis -Wno-semicolon-before-method-body -Wunguarded-availability -index-store-path /Users/krishna/Library/Developer/Xcode/DerivedData/Hrms_-fwmimlbgucwnlkdgjryadaszcdfx/Index.noindex/DataStore @/Users/krishna/Library/Developer/Xcode/DerivedData/Hrms_-fwmimlbgucwnlkdgjryadaszcdfx/Build/Intermediates.noindex/Pods.build/Debug-iphonesimulator/RCT-Folly.build/Objects-normal/arm64/82b82416624d2658e5098eb0a28c15c5-common-args.resp -Wno-documentation -faligned-new -include /Users/krishna/Desktop/Projects/Manas_/ios/Pods/Target\ Support\ Files/RCT-Folly/RCT-Folly-prefix.pch -MMD -MT dependencies -MF /Users/krishna/Library/Developer/Xcode/DerivedData/Hrms_-fwmimlbgucwnlkdgjryadaszcdfx/Build/Intermediates.noindex/Pods.build/Debug-iphonesimulator/RCT-Folly.build/Objects-normal/arm64/SysUio.d --serialize-diagnostics /Users/krishna/Library/Developer/Xcode/DerivedData/Hrms_-fwmimlbgucwnlkdgjryadaszcdfx/Build/Intermediates.noindex/Pods.build/Debug-iphonesimulator/RCT-Folly.build/Objects-normal/arm64/SysUio.dia -c /Users/krishna/Desktop/Projects/Manas_/ios/Pods/RCT-Folly/folly/portability/SysUio.cpp -o /Users/krishna/Library/Developer/Xcode/DerivedData/Hrms_-fwmimlbgucwnlkdgjryadaszcdfx/Build/Intermediates.noindex/Pods.build/Debug-iphonesimulator/RCT-Folly.build/Objects-normal/arm64/SysUio.o -index-unit-output-path /Pods.build/Debug-iphonesimulator/RCT-Folly.build/Objects-normal/arm64/SysUio.o

debug 

debug CompileC /Users/krishna/Library/Developer/Xcode/DerivedData/Hrms_-fwmimlbgucwnlkdgjryadaszcdfx/Build/Intermediates.noindex/Pods.build/Debug-iphonesimulator/RCT-Folly.build/Objects-normal/arm64/String.o /Users/krishna/Desktop/Projects/Manas_/ios/Pods/RCT-Folly/folly/String.cpp normal arm64 c++ com.apple.compilers.llvm.clang.1_0.compiler (in target 'RCT-Folly' from project 'Pods')
    cd /Users/krishna/Desktop/Projects/Manas_/ios/Pods
    
    Using response file: /Users/krishna/Library/Developer/Xcode/DerivedData/Hrms_-fwmimlbgucwnlkdgjryadaszcdfx/Build/Intermediates.noindex/Pods.build/Debug-iphonesimulator/RCT-Folly.build/Objects-normal/arm64/82b82416624d2658e5098eb0a28c15c5-common-args.resp
    
    /Applications/Xcode.app/Contents/Developer/Toolchains/XcodeDefault.xctoolchain/usr/bin/clang -x c++ -ivfsstatcache /Users/krishna/Library/Developer/Xcode/DerivedData/SDKStatCaches.noindex/iphonesimulator26.5-23F81a-6cfe768891a92b912361537c460fe42b.sdkstatcache -target arm64-apple-ios15.1-simulator -fmessage-length\=0 -fdiagnostics-show-note-include-stack -fmacro-backtrace-limit\=0 -fno-color-diagnostics -fmodules-prune-interval\=86400 -fmodules-prune-after\=345600 -fbuild-session-file\=/Users/krishna/Library/Developer/Xcode/DerivedData/ModuleCache.noindex/Session.modulevalidation -fmodules-validate-once-per-build-session -Wnon-modular-include-in-framework-module -Werror\=non-modular-include-in-framework-module -Wno-trigraphs -Wno-missing-field-initializers -Wno-missing-prototypes -Werror\=return-type -Wdocumentation -Wunreachable-code -Werror\=deprecated-objc-isa-usage -Werror\=objc-root-class -Wno-non-virtual-dtor -Wno-overloaded-virtual -Wno-exit-time-destructors -Wno-missing-braces -Wparentheses -Wswitch -Wunused-function -Wno-unused-label -Wno-unused-parameter -Wunused-variable -Wunused-value -Wempty-body -Wuninitialized -Wconditional-uninitialized -Wno-unknown-pragmas -w -Wno-shadow -Wno-four-char-constants -Wno-conversion -Wconstant-conversion -Wint-conversion -Wbool-conversion -Wenum-conversion -Wno-float-conversion -Wnon-literal-null-conversion -Wobjc-literal-conversion -Wshorten-64-to-32 -Wno-newline-eof -Wno-c++11-extensions -Wno-implicit-fallthrough -isysroot /Applications/Xcode.app/Contents/Developer/Platforms/iPhoneSimulator.platform/Developer/SDKs/iPhoneSimulator26.5.sdk -fstrict-aliasing -Wdeprecated-declarations -Winvalid-offsetof -Wno-sign-conversion -Winfinite-recursion -Wmove -Wcomma -Wblock-capture-autoreleasing -Wstrict-prototypes -Wrange-loop-analysis -Wno-semicolon-before-method-body -Wunguarded-availability -index-store-path /Users/krishna/Library/Developer/Xcode/DerivedData/Hrms_-fwmimlbgucwnlkdgjryadaszcdfx/Index.noindex/DataStore @/Users/krishna/Library/Developer/Xcode/DerivedData/Hrms_-fwmimlbgucwnlkdgjryadaszcdfx/Build/Intermediates.noindex/Pods.build/Debug-iphonesimulator/RCT-Folly.build/Objects-normal/arm64/82b82416624d2658e5098eb0a28c15c5-common-args.resp -Wno-documentation -faligned-new -include /Users/krishna/Desktop/Projects/Manas_/ios/Pods/Target\ Support\ Files/RCT-Folly/RCT-Folly-prefix.pch -MMD -MT dependencies -MF /Users/krishna/Library/Developer/Xcode/DerivedData/Hrms_-fwmimlbgucwnlkdgjryadaszcdfx/Build/Intermediates.noindex/Pods.build/Debug-iphonesimulator/RCT-Folly.build/Objects-normal/arm64/String.d --serialize-diagnostics /Users/krishna/Library/Developer/Xcode/DerivedData/Hrms_-fwmimlbgucwnlkdgjryadaszcdfx/Build/Intermediates.noindex/Pods.build/Debug-iphonesimulator/RCT-Folly.build/Objects-normal/arm64/String.dia -c /Users/krishna/Desktop/Projects/Manas_/ios/Pods/RCT-Folly/folly/String.cpp -o /Users/krishna/Library/Developer/Xcode/DerivedData/Hrms_-fwmimlbgucwnlkdgjryadaszcdfx/Build/Intermediates.noindex/Pods.build/Debug-iphonesimulator/RCT-Folly.build/Objects-normal/arm64/String.o -index-unit-output-path /Pods.build/Debug-iphonesimulator/RCT-Folly.build/Objects-normal/arm64/String.o


debug CompileC /Users/krishna/Library/Developer/Xcode/DerivedData/Hrms_-fwmimlbgucwnlkdgjryadaszcdfx/Build/Intermediates.noindex/Pods.build/Debug-iphonesimulator/RCT-Folly.build/Objects-normal/arm64/StaticSingletonManager.o /Users/krishna/Desktop/Projects/Manas_/ios/Pods/RCT-Folly/folly/detail/StaticSingletonManager.cpp normal arm64 c++ com.apple.compilers.llvm.clang.1_0.compiler (in target 'RCT-Folly' from project 'Pods')
    cd /Users/krishna/Desktop/Projects/Manas_/ios/Pods
    
    Using response file: /Users/krishna/Library/Developer/Xcode/DerivedData/Hrms_-fwmimlbgucwnlkdgjryadaszcdfx/Build/Intermediates.noindex/Pods.build/Debug-iphonesimulator/RCT-Folly.build/Objects-normal/arm64/82b82416624d2658e5098eb0a28c15c5-common-args.resp
    
    /Applications/Xcode.app/Contents/Developer/Toolchains/XcodeDefault.xctoolchain/usr/bin/clang -x c++ -ivfsstatcache /Users/krishna/Library/Developer/Xcode/DerivedData/SDKStatCaches.noindex/iphonesimulator26.5-23F81a-6cfe768891a92b912361537c460fe42b.sdkstatcache -target arm64-apple-ios15.1-simulator -fmessage-length\=0 -fdiagnostics-show-note-include-stack -fmacro-backtrace-limit\=0 -fno-color-diagnostics -fmodules-prune-interval\=86400 -fmodules-prune-after\=345600 -fbuild-session-file\=/Users/krishna/Library/Developer/Xcode/DerivedData/ModuleCache.noindex/Session.modulevalidation -fmodules-validate-once-per-build-session -Wnon-modular-include-in-framework-module -Werror\=non-modular-include-in-framework-module -Wno-trigraphs -Wno-missing-field-initializers -Wno-missing-prototypes -Werror\=return-type -Wdocumentation -Wunreachable-code -Werror\=deprecated-objc-isa-usage -Werror\=objc-root-class -Wno-non-virtual-dtor -Wno-overloaded-virtual -Wno-exit-time-destructors -Wno-missing-braces -Wparentheses -Wswitch -Wunused-function -Wno-unused-label -Wno-unused-parameter -Wunused-variable -Wunused-value -Wempty-body -Wuninitialized -Wconditional-uninitialized -Wno-unknown-pragmas -w -Wno-shadow -Wno-four-char-constants -Wno-conversion -Wconstant-conversion -Wint-conversion -Wbool-conversion -Wenum-conversion -Wno-float-conversion -Wnon-literal-null-conversion -Wobjc-literal-conversion -Wshorten-64-to-32 -Wno-newline-eof -Wno-c++11-extensions -Wno-implicit-fallthrough -isysroot /Applications/Xcode.app/Contents/Developer/Platforms/iPhoneSimulator.platform/Developer/SDKs/iPhoneSimulator26.5.sdk -fstrict-aliasing -Wdeprecated-declarations -Winvalid-offsetof -Wno-sign-conversion -Winfinite-recursion -Wmove -Wcomma -Wblock-capture-autoreleasing -Wstrict-prototypes -Wrange-loop-analysis -Wno-semicolon-before-method-body -Wunguarded-availability -index-store-path /Users/krishna/Library/Developer/Xcode/DerivedData/Hrms_-fwmimlbgucwnlkdgjryadaszcdfx/Index.noindex/DataStore @/Users/krishna/Library/Developer/Xcode/DerivedData/Hrms_-fwmimlbgucwnlkdgjryadaszcdfx/Build/Intermediates.noindex/Pods.build/Debug-iphonesimulator/RCT-Folly.build/Objects-normal/arm64/82b82416624d2658e5098eb0a28c15c5-common-args.resp -Wno-documentation -faligned-new -include /Users/krishna/Desktop/Projects/Manas_/ios/Pods/Target\ Support\ Files/RCT-Folly/RCT-Folly-prefix.pch -MMD -MT dependencies -MF /Users/krishna/Library/Developer/Xcode/DerivedData/Hrms_-fwmimlbgucwnlkdgjryadaszcdfx/Build/Intermediates.noindex/Pods.build/Debug-iphonesimulator/RCT-Folly.build/Objects-normal/arm64/StaticSingletonManager.d --serialize-diagnostics /Users/krishna/Library/Developer/Xcode/DerivedData/Hrms_-fwmimlbgucwnlkdgjryadaszcdfx/Build/Intermediates.noindex/Pods.build/Debug-iphonesimulator/RCT-Folly.build/Objects-normal/arm64/StaticSingletonManager.dia -c /Users/krishna/Desktop/Projects/Manas_/ios/Pods/RCT-Folly/folly/detail/StaticSingletonManager.cpp -o /Users/krishna/Library/Developer/Xcode/DerivedData/Hrms_-fwmimlbgucwnlkdgjryadaszcdfx/Build/Intermediates.noindex/Pods.build/Debug-iphonesimulator/RCT-Folly.build/Objects-normal/arm64/StaticSingletonManager.o -index-unit-output-path /Pods.build/Debug-iphonesimulator/RCT-Folly.build/Objects-normal/arm64/StaticSingletonManager.o


debug CompileC /Users/krishna/Library/Developer/Xcode/DerivedData/Hrms_-fwmimlbgucwnlkdgjryadaszcdfx/Build/Intermediates.noindex/Pods.build/Debug-iphonesimulator/React-rendererconsistency.build/Objects-normal/arm64/ShadowTreeRevisionConsistencyManager.o /Users/krishna/Desktop/Projects/Manas_/node_modules/react-native/ReactCommon/react/renderer/consistency/ShadowTreeRevisionConsistencyManager.cpp normal arm64 c++ com.apple.compilers.llvm.clang.1_0.compiler (in target 'React-rendererconsistency' from project 'Pods')
    cd /Users/krishna/Desktop/Projects/Manas_/ios/Pods
    
    Using response file: /Users/krishna/Library/Developer/Xcode/DerivedData/Hrms_-fwmimlbgucwnlkdgjryadaszcdfx/Build/Intermediates.noindex/Pods.build/Debug-iphonesimulator/React-rendererconsistency.build/Objects-normal/arm64/82b82416624d2658e5098eb0a28c15c5-common-args.resp
    
    /Applications/Xcode.app/Contents/Developer/Toolchains/XcodeDefault.xctoolchain/usr/bin/clang -x c++ -ivfsstatcache /Users/krishna/Library/Developer/Xcode/DerivedData/SDKStatCaches.noindex/iphonesimulator26.5-23F81a-6cfe768891a92b912361537c460fe42b.sdkstatcache -target arm64-apple-ios15.1-simulator -fmessage-length\=0 -fdiagnostics-show-note-include-stack -fmacro-backtrace-limit\=0 -fno-color-diagnostics -fmodules-prune-interval\=86400 -fmodules-prune-after\=345600 -fbuild-session-file\=/Users/krishna/Library/Developer/Xcode/DerivedData/ModuleCache.noindex/Session.modulevalidation -fmodules-validate-once-per-build-session -Wnon-modular-include-in-framework-module -Werror\=non-modular-include-in-framework-module -Wno-trigraphs -Wno-missing-field-initializers -Wno-missing-prototypes -Werror\=return-type -Wdocumentation -Wunreachable-code -Werror\=deprecated-objc-isa-usage -Werror\=objc-root-class -Wno-non-virtual-dtor -Wno-overloaded-virtual -Wno-exit-time-destructors -Wno-missing-braces -Wparentheses -Wswitch -Wunused-function -Wno-unused-label -Wno-unused-parameter -Wunused-variable -Wunused-value -Wempty-body -Wuninitialized -Wconditional-uninitialized -Wno-unknown-pragmas -Wno-shadow -Wno-four-char-constants -Wno-conversion -Wconstant-conversion -Wint-conversion -Wbool-conversion -Wenum-conversion -Wno-float-conversion -Wnon-literal-null-conversion -Wobjc-literal-conversion -Wshorten-64-to-32 -Wno-newline-eof -Wno-c++11-extensions -Wno-implicit-fallthrough -isysroot /Applications/Xcode.app/Contents/Developer/Platforms/iPhoneSimulator.platform/Developer/SDKs/iPhoneSimulator26.5.sdk -fstrict-aliasing -Wdeprecated-declarations -Winvalid-offsetof -Wno-sign-conversion -Winfinite-recursion -Wmove -Wcomma -Wblock-capture-autoreleasing -Wstrict-prototypes -Wrange-loop-analysis -Wno-semicolon-before-method-body -Wunguarded-availability -index-store-path /Users/krishna/Library/Developer/Xcode/DerivedData/Hrms_-fwmimlbgucwnlkdgjryadaszcdfx/Index.noindex/DataStore @/Users/krishna/Library/Developer/Xcode/DerivedData/Hrms_-fwmimlbgucwnlkdgjryadaszcdfx/Build/Intermediates.noindex/Pods.build/Debug-iphonesimulator/React-rendererconsistency.build/Objects-normal/arm64/82b82416624d2658e5098eb0a28c15c5-common-args.resp -include /Users/krishna/Desktop/Projects/Manas_/ios/Pods/Target\ Support\ Files/React-rendererconsistency/React-rendererconsistency-prefix.pch -MMD -MT dependencies -MF /Users/krishna/Library/Developer/Xcode/DerivedData/Hrms_-fwmimlbgucwnlkdgjryadaszcdfx/Build/Intermediates.noindex/Pods.build/Debug-iphonesimulator/React-rendererconsistency.build/Objects-normal/arm64/ShadowTreeRevisionConsistencyManager.d --serialize-diagnostics /Users/krishna/Library/Developer/Xcode/DerivedData/Hrms_-fwmimlbgucwnlkdgjryadaszcdfx/Build/Intermediates.noindex/Pods.build/Debug-iphonesimulator/React-rendererconsistency.build/Objects-normal/arm64/ShadowTreeRevisionConsistencyManager.dia -c /Users/krishna/Desktop/Projects/Manas_/node_modules/react-native/ReactCommon/react/renderer/consistency/ShadowTreeRevisionConsistencyManager.cpp -o /Users/krishna/Library/Developer/Xcode/DerivedData/Hrms_-fwmimlbgucwnlkdgjryadaszcdfx/Build/Intermediates.noindex/Pods.build/Debug-iphonesimulator/React-rendererconsistency.build/Objects-normal/arm64/ShadowTreeRevisionConsistencyManager.o -index-unit-output-path /Pods.build/Debug-iphonesimulator/React-rendererconsistency.build/Objects-normal/arm64/ShadowTreeRevisionConsistencyManager.o


debug CompileC /Users/krishna/Library/Developer/Xcode/DerivedData/Hrms_-fwmimlbgucwnlkdgjryadaszcdfx/Build/Intermediates.noindex/Pods.build/Debug-iphonesimulator/React-debug.build/Objects-normal/arm64/react_native_assert.o /Users/krishna/Desktop/Projects/Manas_/node_modules/react-native/ReactCommon/react/debug/react_native_assert.cpp normal arm64 c++ com.apple.compilers.llvm.clang.1_0.compiler (in target 'React-debug' from project 'Pods')
    cd /Users/krishna/Desktop/Projects/Manas_/ios/Pods
    
    Using response file: /Users/krishna/Library/Developer/Xcode/DerivedData/Hrms_-fwmimlbgucwnlkdgjryadaszcdfx/Build/Intermediates.noindex/Pods.build/Debug-iphonesimulator/React-debug.build/Objects-normal/arm64/82b82416624d2658e5098eb0a28c15c5-common-args.resp
    
    /Applications/Xcode.app/Contents/Developer/Toolchains/XcodeDefault.xctoolchain/usr/bin/clang -x c++ -ivfsstatcache /Users/krishna/Library/Developer/Xcode/DerivedData/SDKStatCaches.noindex/iphonesimulator26.5-23F81a-6cfe768891a92b912361537c460fe42b.sdkstatcache -target arm64-apple-ios15.1-simulator -fmessage-length\=0 -fdiagnostics-show-note-include-stack -fmacro-backtrace-limit\=0 -fno-color-diagnostics -fmodules-prune-interval\=86400 -fmodules-prune-after\=345600 -fbuild-session-file\=/Users/krishna/Library/Developer/Xcode/DerivedData/ModuleCache.noindex/Session.modulevalidation -fmodules-validate-once-per-build-session -Wnon-modular-include-in-framework-module -Werror\=non-modular-include-in-framework-module -Wno-trigraphs -Wno-missing-field-initializers -Wno-missing-prototypes -Werror\=return-type -Wdocumentation -Wunreachable-code -Werror\=deprecated-objc-isa-usage -Werror\=objc-root-class -Wno-non-virtual-dtor -Wno-overloaded-virtual -Wno-exit-time-destructors -Wno-missing-braces -Wparentheses -Wswitch -Wunused-function -Wno-unused-label -Wno-unused-parameter -Wunused-variable -Wunused-value -Wempty-body -Wuninitialized -Wconditional-uninitialized -Wno-unknown-pragmas -Wno-shadow -Wno-four-char-constants -Wno-conversion -Wconstant-conversion -Wint-conversion -Wbool-conversion -Wenum-conversion -Wno-float-conversion -Wnon-literal-null-conversion -Wobjc-literal-conversion -Wshorten-64-to-32 -Wno-newline-eof -Wno-c++11-extensions -Wno-implicit-fallthrough -isysroot /Applications/Xcode.app/Contents/Developer/Platforms/iPhoneSimulator.platform/Developer/SDKs/iPhoneSimulator26.5.sdk -fstrict-aliasing -Wdeprecated-declarations -Winvalid-offsetof -Wno-sign-conversion -Winfinite-recursion -Wmove -Wcomma -Wblock-capture-autoreleasing -Wstrict-prototypes -Wrange-loop-analysis -Wno-semicolon-before-method-body -Wunguarded-availability -index-store-path /Users/krishna/Library/Developer/Xcode/DerivedData/Hrms_-fwmimlbgucwnlkdgjryadaszcdfx/Index.noindex/DataStore @/Users/krishna/Library/Developer/Xcode/DerivedData/Hrms_-fwmimlbgucwnlkdgjryadaszcdfx/Build/Intermediates.noindex/Pods.build/Debug-iphonesimulator/React-debug.build/Objects-normal/arm64/82b82416624d2658e5098eb0a28c15c5-common-args.resp -include /Users/krishna/Desktop/Projects/Manas_/ios/Pods/Target\ Support\ Files/React-debug/React-debug-prefix.pch -MMD -MT dependencies -MF /Users/krishna/Library/Developer/Xcode/DerivedData/Hrms_-fwmimlbgucwnlkdgjryadaszcdfx/Build/Intermediates.noindex/Pods.build/Debug-iphonesimulator/React-debug.build/Objects-normal/arm64/react_native_assert.d --serialize-diagnostics /Users/krishna/Library/Developer/Xcode/DerivedData/Hrms_-fwmimlbgucwnlkdgjryadaszcdfx/Build/Intermediates.noindex/Pods.build/Debug-iphonesimulator/React-debug.build/Objects-normal/arm64/react_native_assert.dia -c /Users/krishna/Desktop/Projects/Manas_/node_modules/react-native/ReactCommon/react/debug/react_native_assert.cpp -o /Users/krishna/Library/Developer/Xcode/DerivedData/Hrms_-fwmimlbgucwnlkdgjryadaszcdfx/Build/Intermediates.noindex/Pods.build/Debug-iphonesimulator/React-debug.build/Objects-normal/arm64/react_native_assert.o -index-unit-output-path /Pods.build/Debug-iphonesimulator/React-debug.build/Objects-normal/arm64/react_native_assert.o

CompileC /Users/krishna/Library/Developer/Xcode/DerivedData/Hrms_-fwmimlbgucwnlkdgjryadaszcdfx/Build/Intermediates.noindex/Pods.build/Debug-iphonesimulator/RCT-Folly.build/Objects-normal/arm64/SplitStringSimd.o /Users/krishna/Desktop/Projects/Manas_/ios/Pods/RCT-Folly/folly/detail/SplitStringSimd.cpp normal arm64 c++ com.apple.compilers.llvm.clang.1_0.compiler (in target 'RCT-Folly' from project 'Pods')
    cd /Users/krishna/Desktop/Projects/Manas_/ios/Pods
    
    Using response file: /Users/krishna/Library/Developer/Xcode/DerivedData/Hrms_-fwmimlbgucwnlkdgjryadaszcdfx/Build/Intermediates.noindex/Pods.build/Debug-iphonesimulator/RCT-Folly.build/Objects-normal/arm64/82b82416624d2658e5098eb0a28c15c5-common-args.resp
    
    /Applications/Xcode.app/Contents/Developer/Toolchains/XcodeDefault.xctoolchain/usr/bin/clang -x c++ -ivfsstatcache /Users/krishna/Library/Developer/Xcode/DerivedData/SDKStatCaches.noindex/iphonesimulator26.5-23F81a-6cfe768891a92b912361537c460fe42b.sdkstatcache -target arm64-apple-ios15.1-simulator -fmessage-length\=0 -fdiagnostics-show-note-include-stack -fmacro-backtrace-limit\=0 -fno-color-diagnostics -fmodules-prune-interval\=86400 -fmodules-prune-after\=345600 -fbuild-session-file\=/Users/krishna/Library/Developer/Xcode/DerivedData/ModuleCache.noindex/Session.modulevalidation -fmodules-validate-once-per-build-session -Wnon-modular-include-in-framework-module -Werror\=non-modular-include-in-framework-module -Wno-trigraphs -Wno-missing-field-initializers -Wno-missing-prototypes -Werror\=return-type -Wdocumentation -Wunreachable-code -Werror\=deprecated-objc-isa-usage -Werror\=objc-root-class -Wno-non-virtual-dtor -Wno-overloaded-virtual -Wno-exit-time-destructors -Wno-missing-braces -Wparentheses -Wswitch -Wunused-function -Wno-unused-label -Wno-unused-parameter -Wunused-variable -Wunused-value -Wempty-body -Wuninitialized -Wconditional-uninitialized -Wno-unknown-pragmas -w -Wno-shadow -Wno-four-char-constants -Wno-conversion -Wconstant-conversion -Wint-conversion -Wbool-conversion -Wenum-conversion -Wno-float-conversion -Wnon-literal-null-conversion -Wobjc-literal-conversion -Wshorten-64-to-32 -Wno-newline-eof -Wno-c++11-extensions -Wno-implicit-fallthrough -isysroot /Applications/Xcode.app/Contents/Developer/Platforms/iPhoneSimulator.platform/Developer/SDKs/iPhoneSimulator26.5.sdk -fstrict-aliasing -Wdeprecated-declarations -Winvalid-offsetof -Wno-sign-conversion -Winfinite-recursion -Wmove -Wcomma -Wblock-capture-autoreleasing -Wstrict-prototypes -Wrange-loop-analysis -Wno-semicolon-before-method-body -Wunguarded-availability -index-store-path /Users/krishna/Library/Developer/Xcode/DerivedData/Hrms_-fwmimlbgucwnlkdgjryadaszcdfx/Index.noindex/DataStore @/Users/krishna/Library/Developer/Xcode/DerivedData/Hrms_-fwmimlbgucwnlkdgjryadaszcdfx/Build/Intermediates.noindex/Pods.build/Debug-iphonesimulator/RCT-Folly.build/Objects-normal/arm64/82b82416624d2658e5098eb0a28c15c5-common-args.resp -Wno-documentation -faligned-new -include /Users/krishna/Desktop/Projects/Manas_/ios/Pods/Target\ Support\ Files/RCT-Folly/RCT-Folly-prefix.pch -MMD -MT dependencies -MF /Users/krishna/Library/Developer/Xcode/DerivedData/Hrms_-fwmimlbgucwnlkdgjryadaszcdfx/Build/Intermediates.noindex/Pods.build/Debug-iphonesimulator/RCT-Folly.build/Objects-normal/arm64/SplitStringSimd.d --serialize-diagnostics /Users/krishna/Library/Developer/Xcode/DerivedData/Hrms_-fwmimlbgucwnlkdgjryadaszcdfx/Build/Intermediates.noindex/Pods.build/Debug-iphonesimulator/RCT-Folly.build/Objects-normal/arm64/SplitStringSimd.dia -c /Users/krishna/Desktop/Projects/Manas_/ios/Pods/RCT-Folly/folly/detail/SplitStringSimd.cpp -o /Users/krishna/Library/Developer/Xcode/DerivedData/Hrms_-fwmimlbgucwnlkdgjryadaszcdfx/Build/Intermediates.noindex/Pods.build/Debug-iphonesimulator/RCT-Folly.build/Objects-normal/arm64/SplitStringSimd.o -index-unit-output-path /Pods.build/Debug-iphonesimulator/RCT-Folly.build/Objects-normal/arm64/SplitStringSimd.o


debug note: Run script build phase '[CP-User] [RN]Check rncore' will be run during every build because the option to run the script phase "Based on dependency analysis" is unchecked. (in target 'React-FabricComponents' from project 'Pods')

debug warning: Run script build phase 'Bundle React Native code and images' will be run during every build because it does not specify any outputs. To address this issue, either add output dependencies to the script phase, or configure it to run in every build by unchecking "Based on dependency analysis" in the script phase. (in target 'Hrms_' from project 'Hrms_')

debug warning: Run script build phase '[CP-User] [RNFB] Core Configuration' will be run during every build because it does not specify any outputs. To address this issue, either add output dependencies to the script phase, or configure it to run in every build by unchecking "Based on dependency analysis" in the script phase. (in target 'Hrms_' from project 'Hrms_')

debug note: Run script build phase '[CP-User] [RN]Check rncore' will be run during every build because the option to run the script phase "Based on dependency analysis" is unchecked. (in target 'React-Fabric' from project 'Pods')

debug note: Run script build phase '[CP-User] [RN]Check FBReactNativeSpec' will be run during every build because the option to run the script phase "Based on dependency analysis" is unchecked. (in target 'React-RCTFBReactNativeSpec' from project 'Pods')

debug warning: Run script build phase '[CP-User] react-native-maps patches' will be run during every build because it does not specify any outputs. To address this issue, either add output dependencies to the script phase, or configure it to run in every build by unchecking "Based on dependency analysis" in the script phase. (in target 'react-native-maps' from project 'Pods')

debug warning: Run script build phase '[CP-User] [Hermes] Replace Hermes for the right configuration, if needed' will be run during every build because it does not specify any outputs. To address this issue, either add output dependencies to the script phase, or configure it to run in every build by unchecking "Based on dependency analysis" in the script phase. (in target 'hermes-engine' from project 'Pods')
/Users/krishna/Desktop/Projects/Manas_/ios/Pods/Pods.xcodeproj: warning: The iOS Simulator deployment target 'IPHONEOS_DEPLOYMENT_TARGET' is set to 9.0, but the range of supported deployment target versions is 12.0 to 26.5.99. (in target 'PromisesObjC-FBLPromises_Privacy' from project 'Pods')


info 💡 Tip: Make sure that you have set up your development environment correctly, by running npx react-native doctor. To read more about doctor command visit: https://github.com/react-native-community/cli/blob/main/packages/cli-doctor/README.md#doctor 

error export CLANG_WARN_DOCUMENTATION_COMMENTS\=YES
error export CLANG_WARN_QUOTED_INCLUDE_IN_FRAMEWORK_HEADER\=NO
error export GCC_WARN_INHIBIT_ALL_WARNINGS\=YES
error export VALIDATE_PRODUCT\=NO
error \=non-modular-include-in-framework-module -Wno-trigraphs -Wno-missing-field-initializers -Wno-missing-prototypes -Werror\=return-type -Wdocumentation -Wunreachable-code -Wno-implicit-atomic-properties -Werror\=deprecated-objc-isa-usage -Wno-objc-interface-ivars -Werror\=objc-root-class -Wno-arc-repeated-use-of-weak -Wimplicit-retain-self -Wduplicate-method-match -Wno-missing-braces -Wparentheses -Wswitch -Wunused-function -Wno-unused-label -Wno-unused-parameter -Wunused-variable -Wunused-value -Wempty-body -Wuninitialized -Wconditional-uninitialized -Wno-unknown-pragmas -Wno-shadow -Wno-four-char-constants -Wno-conversion -Wconstant-conversion -Wint-conversion -Wbool-conversion -Wenum-conversion -Wno-float-conversion -Wnon-literal-null-conversion -Wobjc-literal-conversion -Wshorten-64-to-32 -Wpointer-sign -Wno-newline-eof -Wno-selector -Wno-strict-selector-match -Wundeclared-selector -Wdeprecated-implementations -Wno-implicit-fallthrough -isysroot /Applications/Xcode.app/Contents/Developer/Platforms/iPhoneSimulator.platform/Developer/SDKs/iPhoneSimulator26.5.sdk -fstrict-aliasing -Wprotocol -Wdeprecated-declarations -Wno-sign-conversion -Winfinite-recursion -Wcomma -Wblock-capture-autoreleasing -Wstrict-prototypes -Wno-semicolon-before-method-body -Wunguarded-availability -index-store-path /Users/krishna/Library/Developer/Xcode/DerivedData/Hrms_-fwmimlbgucwnlkdgjryadaszcdfx/Index.noindex/DataStore @/Users/krishna/Library/Developer/Xcode/DerivedData/Hrms_-fwmimlbgucwnlkdgjryadaszcdfx/Build/Intermediates.noindex/Pods.build/Debug-iphonesimulator/PromisesObjC.build/Objects-normal/arm64/e6072d4f65d7061329687fe24e3d63a7-common-args.resp -MMD -MT dependencies -MF /Users/krishna/Library/Developer/Xcode/DerivedData/Hrms_-fwmimlbgucwnlkdgjryadaszcdfx/Build/Intermediates.noindex/Pods.build/Debug-iphonesimulator/PromisesObjC.build/Objects-normal/arm64/FBLPromise+All.d --serialize-diagnostics /Users/krishna/Library/Developer/Xcode/DerivedData/Hrms_-fwmimlbgucwnlkdgjryadaszcdfx/Build/Intermediates.noindex/Pods.build/Debug-iphonesimulator/PromisesObjC.build/Objects-normal/arm64/FBLPromise+All.dia -c /Users/krishna/Desktop/Projects/Manas_/ios/Pods/PromisesObjC/Sources/FBLPromises/FBLPromise+All.m -o /Users/krishna/Library/Developer/Xcode/DerivedData/Hrms_-fwmimlbgucwnlkdgjryadaszcdfx/Build/Intermediates.noindex/Pods.build/Debug-iphonesimulator/PromisesObjC.build/Objects-normal/arm64/FBLPromise+All.o -index-unit-output-path /Pods.build/Debug-iphonesimulator/PromisesObjC.build/Objects-normal/arm64/FBLPromise+All.o
error \=non-modular-include-in-framework-module -Wno-trigraphs -Wno-missing-field-initializers -Wno-missing-prototypes -Werror\=return-type -Wdocumentation -Wunreachable-code -Wno-implicit-atomic-properties -Werror\=deprecated-objc-isa-usage -Wno-objc-interface-ivars -Werror\=objc-root-class -Wno-arc-repeated-use-of-weak -Wimplicit-retain-self -Wduplicate-method-match -Wno-missing-braces -Wparentheses -Wswitch -Wunused-function -Wno-unused-label -Wno-unused-parameter -Wunused-variable -Wunused-value -Wempty-body -Wuninitialized -Wconditional-uninitialized -Wno-unknown-pragmas -Wno-shadow -Wno-four-char-constants -Wno-conversion -Wconstant-conversion -Wint-conversion -Wbool-conversion -Wenum-conversion -Wno-float-conversion -Wnon-literal-null-conversion -Wobjc-literal-conversion -Wshorten-64-to-32 -Wpointer-sign -Wno-newline-eof -Wno-selector -Wno-strict-selector-match -Wundeclared-selector -Wdeprecated-implementations -Wno-implicit-fallthrough -isysroot /Applications/Xcode.app/Contents/Developer/Platforms/iPhoneSimulator.platform/Developer/SDKs/iPhoneSimulator26.5.sdk -fstrict-aliasing -Wprotocol -Wdeprecated-declarations -Wno-sign-conversion -Winfinite-recursion -Wcomma -Wblock-capture-autoreleasing -Wstrict-prototypes -Wno-semicolon-before-method-body -Wunguarded-availability -index-store-path /Users/krishna/Library/Developer/Xcode/DerivedData/Hrms_-fwmimlbgucwnlkdgjryadaszcdfx/Index.noindex/DataStore @/Users/krishna/Library/Developer/Xcode/DerivedData/Hrms_-fwmimlbgucwnlkdgjryadaszcdfx/Build/Intermediates.noindex/Pods.build/Debug-iphonesimulator/GoogleUtilities.build/Objects-normal/arm64/e6072d4f65d7061329687fe24e3d63a7-common-args.resp -MMD -MT dependencies -MF /Users/krishna/Library/Developer/Xcode/DerivedData/Hrms_-fwmimlbgucwnlkdgjryadaszcdfx/Build/Intermediates.noindex/Pods.build/Debug-iphonesimulator/GoogleUtilities.build/Objects-normal/arm64/IsAppEncrypted.d --serialize-diagnostics /Users/krishna/Library/Developer/Xcode/DerivedData/Hrms_-fwmimlbgucwnlkdgjryadaszcdfx/Build/Intermediates.noindex/Pods.build/Debug-iphonesimulator/GoogleUtilities.build/Objects-normal/arm64/IsAppEncrypted.dia -c /Users/krishna/Desktop/Projects/Manas_/ios/Pods/GoogleUtilities/third_party/IsAppEncrypted/IsAppEncrypted.m -o /Users/krishna/Library/Developer/Xcode/DerivedData/Hrms_-fwmimlbgucwnlkdgjryadaszcdfx/Build/Intermediates.noindex/Pods.build/Debug-iphonesimulator/GoogleUtilities.build/Objects-normal/arm64/IsAppEncrypted.o -index-unit-output-path /Pods.build/Debug-iphonesimulator/GoogleUtilities.build/Objects-normal/arm64/IsAppEncrypted.o
error \=non-modular-include-in-framework-module -Wno-trigraphs -Wno-missing-field-initializers -Wno-missing-prototypes -Werror\=return-type -Wdocumentation -Wunreachable-code -Wno-implicit-atomic-properties -Werror\=deprecated-objc-isa-usage -Wno-objc-interface-ivars -Werror\=objc-root-class -Wno-arc-repeated-use-of-weak -Wimplicit-retain-self -Wduplicate-method-match -Wno-missing-braces -Wparentheses -Wswitch -Wunused-function -Wno-unused-label -Wno-unused-parameter -Wunused-variable -Wunused-value -Wempty-body -Wuninitialized -Wconditional-uninitialized -Wno-unknown-pragmas -Wno-shadow -Wno-four-char-constants -Wno-conversion -Wconstant-conversion -Wint-conversion -Wbool-conversion -Wenum-conversion -Wno-float-conversion -Wnon-literal-null-conversion -Wobjc-literal-conversion -Wshorten-64-to-32 -Wpointer-sign -Wno-newline-eof -Wno-selector -Wno-strict-selector-match -Wundeclared-selector -Wdeprecated-implementations -Wno-implicit-fallthrough -isysroot /Applications/Xcode.app/Contents/Developer/Platforms/iPhoneSimulator.platform/Developer/SDKs/iPhoneSimulator26.5.sdk -fstrict-aliasing -Wprotocol -Wdeprecated-declarations -Wno-sign-conversion -Winfinite-recursion -Wcomma -Wblock-capture-autoreleasing -Wstrict-prototypes -Wno-semicolon-before-method-body -Wunguarded-availability -index-store-path /Users/krishna/Library/Developer/Xcode/DerivedData/Hrms_-fwmimlbgucwnlkdgjryadaszcdfx/Index.noindex/DataStore @/Users/krishna/Library/Developer/Xcode/DerivedData/Hrms_-fwmimlbgucwnlkdgjryadaszcdfx/Build/Intermediates.noindex/Pods.build/Debug-iphonesimulator/React-rendererconsistency.build/Objects-normal/arm64/e6072d4f65d7061329687fe24e3d63a7-common-args.resp -include /Users/krishna/Desktop/Projects/Manas_/ios/Pods/Target\ Support\ Files/React-rendererconsistency/React-rendererconsistency-prefix.pch -MMD -MT dependencies -MF /Users/krishna/Library/Developer/Xcode/DerivedData/Hrms_-fwmimlbgucwnlkdgjryadaszcdfx/Build/Intermediates.noindex/Pods.build/Debug-iphonesimulator/React-rendererconsistency.build/Objects-normal/arm64/React-rendererconsistency-dummy.d --serialize-diagnostics /Users/krishna/Library/Developer/Xcode/DerivedData/Hrms_-fwmimlbgucwnlkdgjryadaszcdfx/Build/Intermediates.noindex/Pods.build/Debug-iphonesimulator/React-rendererconsistency.build/Objects-normal/arm64/React-rendererconsistency-dummy.dia -c /Users/krishna/Desktop/Projects/Manas_/ios/Pods/Target\ Support\ Files/React-rendererconsistency/React-rendererconsistency-dummy.m -o /Users/krishna/Library/Developer/Xcode/DerivedData/Hrms_-fwmimlbgucwnlkdgjryadaszcdfx/Build/Intermediates.noindex/Pods.build/Debug-iphonesimulator/React-rendererconsistency.build/Objects-normal/arm64/React-rendererconsistency-dummy.o -index-unit-output-path /Pods.build/Debug-iphonesimulator/React-rendererconsistency.build/Objects-normal/arm64/React-rendererconsistency-dummy.o
error \=non-modular-include-in-framework-module -Wno-trigraphs -Wno-missing-field-initializers -Wno-missing-prototypes -Werror\=return-type -Wdocumentation -Wunreachable-code -Wno-implicit-atomic-properties -Werror\=deprecated-objc-isa-usage -Wno-objc-interface-ivars -Werror\=objc-root-class -Wno-arc-repeated-use-of-weak -Wimplicit-retain-self -Wduplicate-method-match -Wno-missing-braces -Wparentheses -Wswitch -Wunused-function -Wno-unused-label -Wno-unused-parameter -Wunused-variable -Wunused-value -Wempty-body -Wuninitialized -Wconditional-uninitialized -Wno-unknown-pragmas -Wno-shadow -Wno-four-char-constants -Wno-conversion -Wconstant-conversion -Wint-conversion -Wbool-conversion -Wenum-conversion -Wno-float-conversion -Wnon-literal-null-conversion -Wobjc-literal-conversion -Wshorten-64-to-32 -Wpointer-sign -Wno-newline-eof -Wno-selector -Wno-strict-selector-match -Wundeclared-selector -Wdeprecated-implementations -Wno-implicit-fallthrough -isysroot /Applications/Xcode.app/Contents/Developer/Platforms/iPhoneSimulator.platform/Developer/SDKs/iPhoneSimulator26.5.sdk -fstrict-aliasing -Wprotocol -Wdeprecated-declarations -Wno-sign-conversion -Winfinite-recursion -Wcomma -Wblock-capture-autoreleasing -Wstrict-prototypes -Wno-semicolon-before-method-body -Wunguarded-availability -index-store-path /Users/krishna/Library/Developer/Xcode/DerivedData/Hrms_-fwmimlbgucwnlkdgjryadaszcdfx/Index.noindex/DataStore @/Users/krishna/Library/Developer/Xcode/DerivedData/Hrms_-fwmimlbgucwnlkdgjryadaszcdfx/Build/Intermediates.noindex/Pods.build/Debug-iphonesimulator/React-oscompat.build/Objects-normal/arm64/e6072d4f65d7061329687fe24e3d63a7-common-args.resp -include /Users/krishna/Desktop/Projects/Manas_/ios/Pods/Target\ Support\ Files/React-oscompat/React-oscompat-prefix.pch -MMD -MT dependencies -MF /Users/krishna/Library/Developer/Xcode/DerivedData/Hrms_-fwmimlbgucwnlkdgjryadaszcdfx/Build/Intermediates.noindex/Pods.build/Debug-iphonesimulator/React-oscompat.build/Objects-normal/arm64/React-oscompat-dummy.d --serialize-diagnostics /Users/krishna/Library/Developer/Xcode/DerivedData/Hrms_-fwmimlbgucwnlkdgjryadaszcdfx/Build/Intermediates.noindex/Pods.build/Debug-iphonesimulator/React-oscompat.build/Objects-normal/arm64/React-oscompat-dummy.dia -c /Users/krishna/Desktop/Projects/Manas_/ios/Pods/Target\ Support\ Files/React-oscompat/React-oscompat-dummy.m -o /Users/krishna/Library/Developer/Xcode/DerivedData/Hrms_-fwmimlbgucwnlkdgjryadaszcdfx/Build/Intermediates.noindex/Pods.build/Debug-iphonesimulator/React-oscompat.build/Objects-normal/arm64/React-oscompat-dummy.o -index-unit-output-path /Pods.build/Debug-iphonesimulator/React-oscompat.build/Objects-normal/arm64/React-oscompat-dummy.o
error \=non-modular-include-in-framework-module -Wno-trigraphs -Wno-missing-field-initializers -Wno-missing-prototypes -Werror\=return-type -Wdocumentation -Wunreachable-code -Wno-implicit-atomic-properties -Werror\=deprecated-objc-isa-usage -Wno-objc-interface-ivars -Werror\=objc-root-class -Wno-arc-repeated-use-of-weak -Wimplicit-retain-self -Wduplicate-method-match -Wno-missing-braces -Wparentheses -Wswitch -Wunused-function -Wno-unused-label -Wno-unused-parameter -Wunused-variable -Wunused-value -Wempty-body -Wuninitialized -Wconditional-uninitialized -Wno-unknown-pragmas -Wno-shadow -Wno-four-char-constants -Wno-conversion -Wconstant-conversion -Wint-conversion -Wbool-conversion -Wenum-conversion -Wno-float-conversion -Wnon-literal-null-conversion -Wobjc-literal-conversion -Wshorten-64-to-32 -Wpointer-sign -Wno-newline-eof -Wno-selector -Wno-strict-selector-match -Wundeclared-selector -Wdeprecated-implementations -Wno-implicit-fallthrough -isysroot /Applications/Xcode.app/Contents/Developer/Platforms/iPhoneSimulator.platform/Developer/SDKs/iPhoneSimulator26.5.sdk -fstrict-aliasing -Wprotocol -Wdeprecated-declarations -Wno-sign-conversion -Winfinite-recursion -Wcomma -Wblock-capture-autoreleasing -Wstrict-prototypes -Wno-semicolon-before-method-body -Wunguarded-availability -index-store-path /Users/krishna/Library/Developer/Xcode/DerivedData/Hrms_-fwmimlbgucwnlkdgjryadaszcdfx/Index.noindex/DataStore @/Users/krishna/Library/Developer/Xcode/DerivedData/Hrms_-fwmimlbgucwnlkdgjryadaszcdfx/Build/Intermediates.noindex/Pods.build/Debug-iphonesimulator/React-logger.build/Objects-normal/arm64/e6072d4f65d7061329687fe24e3d63a7-common-args.resp -include /Users/krishna/Desktop/Projects/Manas_/ios/Pods/Target\ Support\ Files/React-logger/React-logger-prefix.pch -MMD -MT dependencies -MF /Users/krishna/Library/Developer/Xcode/DerivedData/Hrms_-fwmimlbgucwnlkdgjryadaszcdfx/Build/Intermediates.noindex/Pods.build/Debug-iphonesimulator/React-logger.build/Objects-normal/arm64/React-logger-dummy.d --serialize-diagnostics /Users/krishna/Library/Developer/Xcode/DerivedData/Hrms_-fwmimlbgucwnlkdgjryadaszcdfx/Build/Intermediates.noindex/Pods.build/Debug-iphonesimulator/React-logger.build/Objects-normal/arm64/React-logger-dummy.dia -c /Users/krishna/Desktop/Projects/Manas_/ios/Pods/Target\ Support\ Files/React-logger/React-logger-dummy.m -o /Users/krishna/Library/Developer/Xcode/DerivedData/Hrms_-fwmimlbgucwnlkdgjryadaszcdfx/Build/Intermediates.noindex/Pods.build/Debug-iphonesimulator/React-logger.build/Objects-normal/arm64/React-logger-dummy.o -index-unit-output-path /Pods.build/Debug-iphonesimulator/React-logger.build/Objects-normal/arm64/React-logger-dummy.o
error \=non-modular-include-in-framework-module -Wno-trigraphs -Wno-missing-field-initializers -Wno-missing-prototypes -Werror\=return-type -Wdocumentation -Wunreachable-code -Wno-implicit-atomic-properties -Werror\=deprecated-objc-isa-usage -Wno-objc-interface-ivars -Werror\=objc-root-class -Wno-arc-repeated-use-of-weak -Wimplicit-retain-self -Wduplicate-method-match -Wno-missing-braces -Wparentheses -Wswitch -Wunused-function -Wno-unused-label -Wno-unused-parameter -Wunused-variable -Wunused-value -Wempty-body -Wuninitialized -Wconditional-uninitialized -Wno-unknown-pragmas -Wno-shadow -Wno-four-char-constants -Wno-conversion -Wconstant-conversion -Wint-conversion -Wbool-conversion -Wenum-conversion -Wno-float-conversion -Wnon-literal-null-conversion -Wobjc-literal-conversion -Wshorten-64-to-32 -Wpointer-sign -Wno-newline-eof -Wno-selector -Wno-strict-selector-match -Wundeclared-selector -Wdeprecated-implementations -Wno-implicit-fallthrough -isysroot /Applications/Xcode.app/Contents/Developer/Platforms/iPhoneSimulator.platform/Developer/SDKs/iPhoneSimulator26.5.sdk -fstrict-aliasing -Wprotocol -Wdeprecated-declarations -Wno-sign-conversion -Winfinite-recursion -Wcomma -Wblock-capture-autoreleasing -Wstrict-prototypes -Wno-semicolon-before-method-body -Wunguarded-availability -index-store-path /Users/krishna/Library/Developer/Xcode/DerivedData/Hrms_-fwmimlbgucwnlkdgjryadaszcdfx/Index.noindex/DataStore @/Users/krishna/Library/Developer/Xcode/DerivedData/Hrms_-fwmimlbgucwnlkdgjryadaszcdfx/Build/Intermediates.noindex/Pods.build/Debug-iphonesimulator/React-debug.build/Objects-normal/arm64/e6072d4f65d7061329687fe24e3d63a7-common-args.resp -include /Users/krishna/Desktop/Projects/Manas_/ios/Pods/Target\ Support\ Files/React-debug/React-debug-prefix.pch -MMD -MT dependencies -MF /Users/krishna/Library/Developer/Xcode/DerivedData/Hrms_-fwmimlbgucwnlkdgjryadaszcdfx/Build/Intermediates.noindex/Pods.build/Debug-iphonesimulator/React-debug.build/Objects-normal/arm64/React-debug-dummy.d --serialize-diagnostics /Users/krishna/Library/Developer/Xcode/DerivedData/Hrms_-fwmimlbgucwnlkdgjryadaszcdfx/Build/Intermediates.noindex/Pods.build/Debug-iphonesimulator/React-debug.build/Objects-normal/arm64/React-debug-dummy.dia -c /Users/krishna/Desktop/Projects/Manas_/ios/Pods/Target\ Support\ Files/React-debug/React-debug-dummy.m -o /Users/krishna/Library/Developer/Xcode/DerivedData/Hrms_-fwmimlbgucwnlkdgjryadaszcdfx/Build/Intermediates.noindex/Pods.build/Debug-iphonesimulator/React-debug.build/Objects-normal/arm64/React-debug-dummy.o -index-unit-output-path /Pods.build/Debug-iphonesimulator/React-debug.build/Objects-normal/arm64/React-debug-dummy.o
error \=non-modular-include-in-framework-module -Wno-trigraphs -Wno-missing-field-initializers -Wno-missing-prototypes -Werror\=return-type -Wdocumentation -Wunreachable-code -Wno-implicit-atomic-properties -Werror\=deprecated-objc-isa-usage -Wno-objc-interface-ivars -Werror\=objc-root-class -Wno-arc-repeated-use-of-weak -Wimplicit-retain-self -Wduplicate-method-match -Wno-missing-braces -Wparentheses -Wswitch -Wunused-function -Wno-unused-label -Wno-unused-parameter -Wunused-variable -Wunused-value -Wempty-body -Wuninitialized -Wconditional-uninitialized -Wno-unknown-pragmas -Wno-shadow -Wno-four-char-constants -Wno-conversion -Wconstant-conversion -Wint-conversion -Wbool-conversion -Wenum-conversion -Wno-float-conversion -Wnon-literal-null-conversion -Wobjc-literal-conversion -Wshorten-64-to-32 -Wpointer-sign -Wno-newline-eof -Wno-selector -Wno-strict-selector-match -Wundeclared-selector -Wdeprecated-implementations -Wno-implicit-fallthrough -isysroot /Applications/Xcode.app/Contents/Developer/Platforms/iPhoneSimulator.platform/Developer/SDKs/iPhoneSimulator26.5.sdk -fstrict-aliasing -Wprotocol -Wdeprecated-declarations -Wno-sign-conversion -Winfinite-recursion -Wcomma -Wblock-capture-autoreleasing -Wstrict-prototypes -Wno-semicolon-before-method-body -Wunguarded-availability -index-store-path /Users/krishna/Library/Developer/Xcode/DerivedData/Hrms_-fwmimlbgucwnlkdgjryadaszcdfx/Index.noindex/DataStore @/Users/krishna/Library/Developer/Xcode/DerivedData/Hrms_-fwmimlbgucwnlkdgjryadaszcdfx/Build/Intermediates.noindex/Pods.build/Debug-iphonesimulator/React-featureflags.build/Objects-normal/arm64/e6072d4f65d7061329687fe24e3d63a7-common-args.resp -include /Users/krishna/Desktop/Projects/Manas_/ios/Pods/Target\ Support\ Files/React-featureflags/React-featureflags-prefix.pch -MMD -MT dependencies -MF /Users/krishna/Library/Developer/Xcode/DerivedData/Hrms_-fwmimlbgucwnlkdgjryadaszcdfx/Build/Intermediates.noindex/Pods.build/Debug-iphonesimulator/React-featureflags.build/Objects-normal/arm64/React-featureflags-dummy.d --serialize-diagnostics /Users/krishna/Library/Developer/Xcode/DerivedData/Hrms_-fwmimlbgucwnlkdgjryadaszcdfx/Build/Intermediates.noindex/Pods.build/Debug-iphonesimulator/React-featureflags.build/Objects-normal/arm64/React-featureflags-dummy.dia -c /Users/krishna/Desktop/Projects/Manas_/ios/Pods/Target\ Support\ Files/React-featureflags/React-featureflags-dummy.m -o /Users/krishna/Library/Developer/Xcode/DerivedData/Hrms_-fwmimlbgucwnlkdgjryadaszcdfx/Build/Intermediates.noindex/Pods.build/Debug-iphonesimulator/React-featureflags.build/Objects-normal/arm64/React-featureflags-dummy.o -index-unit-output-path /Pods.build/Debug-iphonesimulator/React-featureflags.build/Objects-normal/arm64/React-featureflags-dummy.o
error \=non-modular-include-in-framework-module -Wno-trigraphs -Wno-missing-field-initializers -Wno-missing-prototypes -Werror\=return-type -Wdocumentation -Wunreachable-code -Werror\=deprecated-objc-isa-usage -Werror\=objc-root-class -Wno-non-virtual-dtor -Wno-overloaded-virtual -Wno-exit-time-destructors -Wno-missing-braces -Wparentheses -Wswitch -Wunused-function -Wno-unused-label -Wno-unused-parameter -Wunused-variable -Wunused-value -Wempty-body -Wuninitialized -Wconditional-uninitialized -Wno-unknown-pragmas -w -Wno-shadow -Wno-four-char-constants -Wno-conversion -Wconstant-conversion -Wint-conversion -Wbool-conversion -Wenum-conversion -Wno-float-conversion -Wnon-literal-null-conversion -Wobjc-literal-conversion -Wshorten-64-to-32 -Wno-newline-eof -Wno-c++11-extensions -Wno-implicit-fallthrough -isysroot /Applications/Xcode.app/Contents/Developer/Platforms/iPhoneSimulator.platform/Developer/SDKs/iPhoneSimulator26.5.sdk -fstrict-aliasing -Wdeprecated-declarations -Winvalid-offsetof -Wno-sign-conversion -Winfinite-recursion -Wmove -Wcomma -Wblock-capture-autoreleasing -Wstrict-prototypes -Wrange-loop-analysis -Wno-semicolon-before-method-body -Wunguarded-availability -index-store-path /Users/krishna/Library/Developer/Xcode/DerivedData/Hrms_-fwmimlbgucwnlkdgjryadaszcdfx/Index.noindex/DataStore @/Users/krishna/Library/Developer/Xcode/DerivedData/Hrms_-fwmimlbgucwnlkdgjryadaszcdfx/Build/Intermediates.noindex/Pods.build/Debug-iphonesimulator/fmt.build/Objects-normal/arm64/82b82416624d2658e5098eb0a28c15c5-common-args.resp -include /Users/krishna/Desktop/Projects/Manas_/ios/Pods/Target\ Support\ Files/fmt/fmt-prefix.pch -MMD -MT dependencies -MF /Users/krishna/Library/Developer/Xcode/DerivedData/Hrms_-fwmimlbgucwnlkdgjryadaszcdfx/Build/Intermediates.noindex/Pods.build/Debug-iphonesimulator/fmt.build/Objects-normal/arm64/format.d --serialize-diagnostics /Users/krishna/Library/Developer/Xcode/DerivedData/Hrms_-fwmimlbgucwnlkdgjryadaszcdfx/Build/Intermediates.noindex/Pods.build/Debug-iphonesimulator/fmt.build/Objects-normal/arm64/format.dia -c /Users/krishna/Desktop/Projects/Manas_/ios/Pods/fmt/src/format.cc -o /Users/krishna/Library/Developer/Xcode/DerivedData/Hrms_-fwmimlbgucwnlkdgjryadaszcdfx/Build/Intermediates.noindex/Pods.build/Debug-iphonesimulator/fmt.build/Objects-normal/arm64/format.o -index-unit-output-path /Pods.build/Debug-iphonesimulator/fmt.build/Objects-normal/arm64/format.o
error call to consteval function 'fmt::basic_format_string<char, fmt::basic_string_view<char> &, const char (&)[3]>::basic_format_string<FMT_COMPILE_STRING, 0>' is not a constant expression
error call to consteval function 'fmt::basic_format_string<char, const char (&)[7], int &>::basic_format_string<FMT_COMPILE_STRING, 0>' is not a constant expression
error call to consteval function 'fmt::basic_format_string<char, unsigned int &>::basic_format_string<FMT_COMPILE_STRING, 0>' is not a constant expression
error call to consteval function 'fmt::basic_format_string<char, int>::basic_format_string<FMT_COMPILE_STRING, 0>' is not a constant expression
error \=non-modular-include-in-framework-module -Wno-trigraphs -Wno-missing-field-initializers -Wno-missing-prototypes -Werror\=return-type -Wdocumentation -Wunreachable-code -Werror\=deprecated-objc-isa-usage -Werror\=objc-root-class -Wno-non-virtual-dtor -Wno-overloaded-virtual -Wno-exit-time-destructors -Wno-missing-braces -Wparentheses -Wswitch -Wunused-function -Wno-unused-label -Wno-unused-parameter -Wunused-variable -Wunused-value -Wempty-body -Wuninitialized -Wconditional-uninitialized -Wno-unknown-pragmas -w -Wno-shadow -Wno-four-char-constants -Wno-conversion -Wconstant-conversion -Wint-conversion -Wbool-conversion -Wenum-conversion -Wno-float-conversion -Wnon-literal-null-conversion -Wobjc-literal-conversion -Wshorten-64-to-32 -Wno-newline-eof -Wno-c++11-extensions -Wno-implicit-fallthrough -isysroot /Applications/Xcode.app/Contents/Developer/Platforms/iPhoneSimulator.platform/Developer/SDKs/iPhoneSimulator26.5.sdk -fstrict-aliasing -Wdeprecated-declarations -Winvalid-offsetof -Wno-sign-conversion -Winfinite-recursion -Wmove -Wcomma -Wblock-capture-autoreleasing -Wstrict-prototypes -Wrange-loop-analysis -Wno-semicolon-before-method-body -Wunguarded-availability -index-store-path /Users/krishna/Library/Developer/Xcode/DerivedData/Hrms_-fwmimlbgucwnlkdgjryadaszcdfx/Index.noindex/DataStore @/Users/krishna/Library/Developer/Xcode/DerivedData/Hrms_-fwmimlbgucwnlkdgjryadaszcdfx/Build/Intermediates.noindex/Pods.build/Debug-iphonesimulator/RCT-Folly.build/Objects-normal/arm64/82b82416624d2658e5098eb0a28c15c5-common-args.resp -Wno-documentation -faligned-new -include /Users/krishna/Desktop/Projects/Manas_/ios/Pods/Target\ Support\ Files/RCT-Folly/RCT-Folly-prefix.pch -MMD -MT dependencies -MF /Users/krishna/Library/Developer/Xcode/DerivedData/Hrms_-fwmimlbgucwnlkdgjryadaszcdfx/Build/Intermediates.noindex/Pods.build/Debug-iphonesimulator/RCT-Folly.build/Objects-normal/arm64/json.d --serialize-diagnostics /Users/krishna/Library/Developer/Xcode/DerivedData/Hrms_-fwmimlbgucwnlkdgjryadaszcdfx/Build/Intermediates.noindex/Pods.build/Debug-iphonesimulator/RCT-Folly.build/Objects-normal/arm64/json.dia -c /Users/krishna/Desktop/Projects/Manas_/ios/Pods/RCT-Folly/folly/json/json.cpp -o /Users/krishna/Library/Developer/Xcode/DerivedData/Hrms_-fwmimlbgucwnlkdgjryadaszcdfx/Build/Intermediates.noindex/Pods.build/Debug-iphonesimulator/RCT-Folly.build/Objects-normal/arm64/json.o -index-unit-output-path /Pods.build/Debug-iphonesimulator/RCT-Folly.build/Objects-normal/arm64/json.o
error \=non-modular-include-in-framework-module -Wno-trigraphs -Wno-missing-field-initializers -Wno-missing-prototypes -Werror\=return-type -Wdocumentation -Wunreachable-code -Werror\=deprecated-objc-isa-usage -Werror\=objc-root-class -Wno-non-virtual-dtor -Wno-overloaded-virtual -Wno-exit-time-destructors -Wno-missing-braces -Wparentheses -Wswitch -Wunused-function -Wno-unused-label -Wno-unused-parameter -Wunused-variable -Wunused-value -Wempty-body -Wuninitialized -Wconditional-uninitialized -Wno-unknown-pragmas -w -Wno-shadow -Wno-four-char-constants -Wno-conversion -Wconstant-conversion -Wint-conversion -Wbool-conversion -Wenum-conversion -Wno-float-conversion -Wnon-literal-null-conversion -Wobjc-literal-conversion -Wshorten-64-to-32 -Wno-newline-eof -Wno-c++11-extensions -Wno-implicit-fallthrough -isysroot /Applications/Xcode.app/Contents/Developer/Platforms/iPhoneSimulator.platform/Developer/SDKs/iPhoneSimulator26.5.sdk -fstrict-aliasing -Wdeprecated-declarations -Winvalid-offsetof -Wno-sign-conversion -Winfinite-recursion -Wmove -Wcomma -Wblock-capture-autoreleasing -Wstrict-prototypes -Wrange-loop-analysis -Wno-semicolon-before-method-body -Wunguarded-availability -index-store-path /Users/krishna/Library/Developer/Xcode/DerivedData/Hrms_-fwmimlbgucwnlkdgjryadaszcdfx/Index.noindex/DataStore @/Users/krishna/Library/Developer/Xcode/DerivedData/Hrms_-fwmimlbgucwnlkdgjryadaszcdfx/Build/Intermediates.noindex/Pods.build/Debug-iphonesimulator/RCT-Folly.build/Objects-normal/arm64/82b82416624d2658e5098eb0a28c15c5-common-args.resp -Wno-documentation -faligned-new -include /Users/krishna/Desktop/Projects/Manas_/ios/Pods/Target\ Support\ Files/RCT-Folly/RCT-Folly-prefix.pch -MMD -MT dependencies -MF /Users/krishna/Library/Developer/Xcode/DerivedData/Hrms_-fwmimlbgucwnlkdgjryadaszcdfx/Build/Intermediates.noindex/Pods.build/Debug-iphonesimulator/RCT-Folly.build/Objects-normal/arm64/dynamic.d --serialize-diagnostics /Users/krishna/Library/Developer/Xcode/DerivedData/Hrms_-fwmimlbgucwnlkdgjryadaszcdfx/Build/Intermediates.noindex/Pods.build/Debug-iphonesimulator/RCT-Folly.build/Objects-normal/arm64/dynamic.dia -c /Users/krishna/Desktop/Projects/Manas_/ios/Pods/RCT-Folly/folly/json/dynamic.cpp -o /Users/krishna/Library/Developer/Xcode/DerivedData/Hrms_-fwmimlbgucwnlkdgjryadaszcdfx/Build/Intermediates.noindex/Pods.build/Debug-iphonesimulator/RCT-Folly.build/Objects-normal/arm64/dynamic.o -index-unit-output-path /Pods.build/Debug-iphonesimulator/RCT-Folly.build/Objects-normal/arm64/dynamic.o
error \=non-modular-include-in-framework-module -Wno-trigraphs -Wno-missing-field-initializers -Wno-missing-prototypes -Werror\=return-type -Wdocumentation -Wunreachable-code -Werror\=deprecated-objc-isa-usage -Werror\=objc-root-class -Wno-non-virtual-dtor -Wno-overloaded-virtual -Wno-exit-time-destructors -Wno-missing-braces -Wparentheses -Wswitch -Wunused-function -Wno-unused-label -Wno-unused-parameter -Wunused-variable -Wunused-value -Wempty-body -Wuninitialized -Wconditional-uninitialized -Wno-unknown-pragmas -w -Wno-shadow -Wno-four-char-constants -Wno-conversion -Wconstant-conversion -Wint-conversion -Wbool-conversion -Wenum-conversion -Wno-float-conversion -Wnon-literal-null-conversion -Wobjc-literal-conversion -Wshorten-64-to-32 -Wno-newline-eof -Wno-c++11-extensions -Wno-implicit-fallthrough -isysroot /Applications/Xcode.app/Contents/Developer/Platforms/iPhoneSimulator.platform/Developer/SDKs/iPhoneSimulator26.5.sdk -fstrict-aliasing -Wdeprecated-declarations -Winvalid-offsetof -Wno-sign-conversion -Winfinite-recursion -Wmove -Wcomma -Wblock-capture-autoreleasing -Wstrict-prototypes -Wrange-loop-analysis -Wno-semicolon-before-method-body -Wunguarded-availability -index-store-path /Users/krishna/Library/Developer/Xcode/DerivedData/Hrms_-fwmimlbgucwnlkdgjryadaszcdfx/Index.noindex/DataStore @/Users/krishna/Library/Developer/Xcode/DerivedData/Hrms_-fwmimlbgucwnlkdgjryadaszcdfx/Build/Intermediates.noindex/Pods.build/Debug-iphonesimulator/RCT-Folly.build/Objects-normal/arm64/82b82416624d2658e5098eb0a28c15c5-common-args.resp -Wno-documentation -faligned-new -include /Users/krishna/Desktop/Projects/Manas_/ios/Pods/Target\ Support\ Files/RCT-Folly/RCT-Folly-prefix.pch -MMD -MT dependencies -MF /Users/krishna/Library/Developer/Xcode/DerivedData/Hrms_-fwmimlbgucwnlkdgjryadaszcdfx/Build/Intermediates.noindex/Pods.build/Debug-iphonesimulator/RCT-Folly.build/Objects-normal/arm64/ThreadId.d --serialize-diagnostics /Users/krishna/Library/Developer/Xcode/DerivedData/Hrms_-fwmimlbgucwnlkdgjryadaszcdfx/Build/Intermediates.noindex/Pods.build/Debug-iphonesimulator/RCT-Folly.build/Objects-normal/arm64/ThreadId.dia -c /Users/krishna/Desktop/Projects/Manas_/ios/Pods/RCT-Folly/folly/system/ThreadId.cpp -o /Users/krishna/Library/Developer/Xcode/DerivedData/Hrms_-fwmimlbgucwnlkdgjryadaszcdfx/Build/Intermediates.noindex/Pods.build/Debug-iphonesimulator/RCT-Folly.build/Objects-normal/arm64/ThreadId.o -index-unit-output-path /Pods.build/Debug-iphonesimulator/RCT-Folly.build/Objects-normal/arm64/ThreadId.o
error \=non-modular-include-in-framework-module -Wno-trigraphs -Wno-missing-field-initializers -Wno-missing-prototypes -Werror\=return-type -Wdocumentation -Wunreachable-code -Werror\=deprecated-objc-isa-usage -Werror\=objc-root-class -Wno-non-virtual-dtor -Wno-overloaded-virtual -Wno-exit-time-destructors -Wno-missing-braces -Wparentheses -Wswitch -Wunused-function -Wno-unused-label -Wno-unused-parameter -Wunused-variable -Wunused-value -Wempty-body -Wuninitialized -Wconditional-uninitialized -Wno-unknown-pragmas -w -Wno-shadow -Wno-four-char-constants -Wno-conversion -Wconstant-conversion -Wint-conversion -Wbool-conversion -Wenum-conversion -Wno-float-conversion -Wnon-literal-null-conversion -Wobjc-literal-conversion -Wshorten-64-to-32 -Wno-newline-eof -Wno-c++11-extensions -Wno-implicit-fallthrough -isysroot /Applications/Xcode.app/Contents/Developer/Platforms/iPhoneSimulator.platform/Developer/SDKs/iPhoneSimulator26.5.sdk -fstrict-aliasing -Wdeprecated-declarations -Winvalid-offsetof -Wno-sign-conversion -Winfinite-recursion -Wmove -Wcomma -Wblock-capture-autoreleasing -Wstrict-prototypes -Wrange-loop-analysis -Wno-semicolon-before-method-body -Wunguarded-availability -index-store-path /Users/krishna/Library/Developer/Xcode/DerivedData/Hrms_-fwmimlbgucwnlkdgjryadaszcdfx/Index.noindex/DataStore @/Users/krishna/Library/Developer/Xcode/DerivedData/Hrms_-fwmimlbgucwnlkdgjryadaszcdfx/Build/Intermediates.noindex/Pods.build/Debug-iphonesimulator/RCT-Folly.build/Objects-normal/arm64/82b82416624d2658e5098eb0a28c15c5-common-args.resp -Wno-documentation -faligned-new -include /Users/krishna/Desktop/Projects/Manas_/ios/Pods/Target\ Support\ Files/RCT-Folly/RCT-Folly-prefix.pch -MMD -MT dependencies -MF /Users/krishna/Library/Developer/Xcode/DerivedData/Hrms_-fwmimlbgucwnlkdgjryadaszcdfx/Build/Intermediates.noindex/Pods.build/Debug-iphonesimulator/RCT-Folly.build/Objects-normal/arm64/SysUio.d --serialize-diagnostics /Users/krishna/Library/Developer/Xcode/DerivedData/Hrms_-fwmimlbgucwnlkdgjryadaszcdfx/Build/Intermediates.noindex/Pods.build/Debug-iphonesimulator/RCT-Folly.build/Objects-normal/arm64/SysUio.dia -c /Users/krishna/Desktop/Projects/Manas_/ios/Pods/RCT-Folly/folly/portability/SysUio.cpp -o /Users/krishna/Library/Developer/Xcode/DerivedData/Hrms_-fwmimlbgucwnlkdgjryadaszcdfx/Build/Intermediates.noindex/Pods.build/Debug-iphonesimulator/RCT-Folly.build/Objects-normal/arm64/SysUio.o -index-unit-output-path /Pods.build/Debug-iphonesimulator/RCT-Folly.build/Objects-normal/arm64/SysUio.o
error \=non-modular-include-in-framework-module -Wno-trigraphs -Wno-missing-field-initializers -Wno-missing-prototypes -Werror\=return-type -Wdocumentation -Wunreachable-code -Werror\=deprecated-objc-isa-usage -Werror\=objc-root-class -Wno-non-virtual-dtor -Wno-overloaded-virtual -Wno-exit-time-destructors -Wno-missing-braces -Wparentheses -Wswitch -Wunused-function -Wno-unused-label -Wno-unused-parameter -Wunused-variable -Wunused-value -Wempty-body -Wuninitialized -Wconditional-uninitialized -Wno-unknown-pragmas -w -Wno-shadow -Wno-four-char-constants -Wno-conversion -Wconstant-conversion -Wint-conversion -Wbool-conversion -Wenum-conversion -Wno-float-conversion -Wnon-literal-null-conversion -Wobjc-literal-conversion -Wshorten-64-to-32 -Wno-newline-eof -Wno-c++11-extensions -Wno-implicit-fallthrough -isysroot /Applications/Xcode.app/Contents/Developer/Platforms/iPhoneSimulator.platform/Developer/SDKs/iPhoneSimulator26.5.sdk -fstrict-aliasing -Wdeprecated-declarations -Winvalid-offsetof -Wno-sign-conversion -Winfinite-recursion -Wmove -Wcomma -Wblock-capture-autoreleasing -Wstrict-prototypes -Wrange-loop-analysis -Wno-semicolon-before-method-body -Wunguarded-availability -index-store-path /Users/krishna/Library/Developer/Xcode/DerivedData/Hrms_-fwmimlbgucwnlkdgjryadaszcdfx/Index.noindex/DataStore @/Users/krishna/Library/Developer/Xcode/DerivedData/Hrms_-fwmimlbgucwnlkdgjryadaszcdfx/Build/Intermediates.noindex/Pods.build/Debug-iphonesimulator/RCT-Folly.build/Objects-normal/arm64/82b82416624d2658e5098eb0a28c15c5-common-args.resp -Wno-documentation -faligned-new -include /Users/krishna/Desktop/Projects/Manas_/ios/Pods/Target\ Support\ Files/RCT-Folly/RCT-Folly-prefix.pch -MMD -MT dependencies -MF /Users/krishna/Library/Developer/Xcode/DerivedData/Hrms_-fwmimlbgucwnlkdgjryadaszcdfx/Build/Intermediates.noindex/Pods.build/Debug-iphonesimulator/RCT-Folly.build/Objects-normal/arm64/String.d --serialize-diagnostics /Users/krishna/Library/Developer/Xcode/DerivedData/Hrms_-fwmimlbgucwnlkdgjryadaszcdfx/Build/Intermediates.noindex/Pods.build/Debug-iphonesimulator/RCT-Folly.build/Objects-normal/arm64/String.dia -c /Users/krishna/Desktop/Projects/Manas_/ios/Pods/RCT-Folly/folly/String.cpp -o /Users/krishna/Library/Developer/Xcode/DerivedData/Hrms_-fwmimlbgucwnlkdgjryadaszcdfx/Build/Intermediates.noindex/Pods.build/Debug-iphonesimulator/RCT-Folly.build/Objects-normal/arm64/String.o -index-unit-output-path /Pods.build/Debug-iphonesimulator/RCT-Folly.build/Objects-normal/arm64/String.o
error \=non-modular-include-in-framework-module -Wno-trigraphs -Wno-missing-field-initializers -Wno-missing-prototypes -Werror\=return-type -Wdocumentation -Wunreachable-code -Werror\=deprecated-objc-isa-usage -Werror\=objc-root-class -Wno-non-virtual-dtor -Wno-overloaded-virtual -Wno-exit-time-destructors -Wno-missing-braces -Wparentheses -Wswitch -Wunused-function -Wno-unused-label -Wno-unused-parameter -Wunused-variable -Wunused-value -Wempty-body -Wuninitialized -Wconditional-uninitialized -Wno-unknown-pragmas -w -Wno-shadow -Wno-four-char-constants -Wno-conversion -Wconstant-conversion -Wint-conversion -Wbool-conversion -Wenum-conversion -Wno-float-conversion -Wnon-literal-null-conversion -Wobjc-literal-conversion -Wshorten-64-to-32 -Wno-newline-eof -Wno-c++11-extensions -Wno-implicit-fallthrough -isysroot /Applications/Xcode.app/Contents/Developer/Platforms/iPhoneSimulator.platform/Developer/SDKs/iPhoneSimulator26.5.sdk -fstrict-aliasing -Wdeprecated-declarations -Winvalid-offsetof -Wno-sign-conversion -Winfinite-recursion -Wmove -Wcomma -Wblock-capture-autoreleasing -Wstrict-prototypes -Wrange-loop-analysis -Wno-semicolon-before-method-body -Wunguarded-availability -index-store-path /Users/krishna/Library/Developer/Xcode/DerivedData/Hrms_-fwmimlbgucwnlkdgjryadaszcdfx/Index.noindex/DataStore @/Users/krishna/Library/Developer/Xcode/DerivedData/Hrms_-fwmimlbgucwnlkdgjryadaszcdfx/Build/Intermediates.noindex/Pods.build/Debug-iphonesimulator/RCT-Folly.build/Objects-normal/arm64/82b82416624d2658e5098eb0a28c15c5-common-args.resp -Wno-documentation -faligned-new -include /Users/krishna/Desktop/Projects/Manas_/ios/Pods/Target\ Support\ Files/RCT-Folly/RCT-Folly-prefix.pch -MMD -MT dependencies -MF /Users/krishna/Library/Developer/Xcode/DerivedData/Hrms_-fwmimlbgucwnlkdgjryadaszcdfx/Build/Intermediates.noindex/Pods.build/Debug-iphonesimulator/RCT-Folly.build/Objects-normal/arm64/StaticSingletonManager.d --serialize-diagnostics /Users/krishna/Library/Developer/Xcode/DerivedData/Hrms_-fwmimlbgucwnlkdgjryadaszcdfx/Build/Intermediates.noindex/Pods.build/Debug-iphonesimulator/RCT-Folly.build/Objects-normal/arm64/StaticSingletonManager.dia -c /Users/krishna/Desktop/Projects/Manas_/ios/Pods/RCT-Folly/folly/detail/StaticSingletonManager.cpp -o /Users/krishna/Library/Developer/Xcode/DerivedData/Hrms_-fwmimlbgucwnlkdgjryadaszcdfx/Build/Intermediates.noindex/Pods.build/Debug-iphonesimulator/RCT-Folly.build/Objects-normal/arm64/StaticSingletonManager.o -index-unit-output-path /Pods.build/Debug-iphonesimulator/RCT-Folly.build/Objects-normal/arm64/StaticSingletonManager.o
error \=non-modular-include-in-framework-module -Wno-trigraphs -Wno-missing-field-initializers -Wno-missing-prototypes -Werror\=return-type -Wdocumentation -Wunreachable-code -Werror\=deprecated-objc-isa-usage -Werror\=objc-root-class -Wno-non-virtual-dtor -Wno-overloaded-virtual -Wno-exit-time-destructors -Wno-missing-braces -Wparentheses -Wswitch -Wunused-function -Wno-unused-label -Wno-unused-parameter -Wunused-variable -Wunused-value -Wempty-body -Wuninitialized -Wconditional-uninitialized -Wno-unknown-pragmas -Wno-shadow -Wno-four-char-constants -Wno-conversion -Wconstant-conversion -Wint-conversion -Wbool-conversion -Wenum-conversion -Wno-float-conversion -Wnon-literal-null-conversion -Wobjc-literal-conversion -Wshorten-64-to-32 -Wno-newline-eof -Wno-c++11-extensions -Wno-implicit-fallthrough -isysroot /Applications/Xcode.app/Contents/Developer/Platforms/iPhoneSimulator.platform/Developer/SDKs/iPhoneSimulator26.5.sdk -fstrict-aliasing -Wdeprecated-declarations -Winvalid-offsetof -Wno-sign-conversion -Winfinite-recursion -Wmove -Wcomma -Wblock-capture-autoreleasing -Wstrict-prototypes -Wrange-loop-analysis -Wno-semicolon-before-method-body -Wunguarded-availability -index-store-path /Users/krishna/Library/Developer/Xcode/DerivedData/Hrms_-fwmimlbgucwnlkdgjryadaszcdfx/Index.noindex/DataStore @/Users/krishna/Library/Developer/Xcode/DerivedData/Hrms_-fwmimlbgucwnlkdgjryadaszcdfx/Build/Intermediates.noindex/Pods.build/Debug-iphonesimulator/React-rendererconsistency.build/Objects-normal/arm64/82b82416624d2658e5098eb0a28c15c5-common-args.resp -include /Users/krishna/Desktop/Projects/Manas_/ios/Pods/Target\ Support\ Files/React-rendererconsistency/React-rendererconsistency-prefix.pch -MMD -MT dependencies -MF /Users/krishna/Library/Developer/Xcode/DerivedData/Hrms_-fwmimlbgucwnlkdgjryadaszcdfx/Build/Intermediates.noindex/Pods.build/Debug-iphonesimulator/React-rendererconsistency.build/Objects-normal/arm64/ShadowTreeRevisionConsistencyManager.d --serialize-diagnostics /Users/krishna/Library/Developer/Xcode/DerivedData/Hrms_-fwmimlbgucwnlkdgjryadaszcdfx/Build/Intermediates.noindex/Pods.build/Debug-iphonesimulator/React-rendererconsistency.build/Objects-normal/arm64/ShadowTreeRevisionConsistencyManager.dia -c /Users/krishna/Desktop/Projects/Manas_/node_modules/react-native/ReactCommon/react/renderer/consistency/ShadowTreeRevisionConsistencyManager.cpp -o /Users/krishna/Library/Developer/Xcode/DerivedData/Hrms_-fwmimlbgucwnlkdgjryadaszcdfx/Build/Intermediates.noindex/Pods.build/Debug-iphonesimulator/React-rendererconsistency.build/Objects-normal/arm64/ShadowTreeRevisionConsistencyManager.o -index-unit-output-path /Pods.build/Debug-iphonesimulator/React-rendererconsistency.build/Objects-normal/arm64/ShadowTreeRevisionConsistencyManager.o
error \=non-modular-include-in-framework-module -Wno-trigraphs -Wno-missing-field-initializers -Wno-missing-prototypes -Werror\=return-type -Wdocumentation -Wunreachable-code -Werror\=deprecated-objc-isa-usage -Werror\=objc-root-class -Wno-non-virtual-dtor -Wno-overloaded-virtual -Wno-exit-time-destructors -Wno-missing-braces -Wparentheses -Wswitch -Wunused-function -Wno-unused-label -Wno-unused-parameter -Wunused-variable -Wunused-value -Wempty-body -Wuninitialized -Wconditional-uninitialized -Wno-unknown-pragmas -Wno-shadow -Wno-four-char-constants -Wno-conversion -Wconstant-conversion -Wint-conversion -Wbool-conversion -Wenum-conversion -Wno-float-conversion -Wnon-literal-null-conversion -Wobjc-literal-conversion -Wshorten-64-to-32 -Wno-newline-eof -Wno-c++11-extensions -Wno-implicit-fallthrough -isysroot /Applications/Xcode.app/Contents/Developer/Platforms/iPhoneSimulator.platform/Developer/SDKs/iPhoneSimulator26.5.sdk -fstrict-aliasing -Wdeprecated-declarations -Winvalid-offsetof -Wno-sign-conversion -Winfinite-recursion -Wmove -Wcomma -Wblock-capture-autoreleasing -Wstrict-prototypes -Wrange-loop-analysis -Wno-semicolon-before-method-body -Wunguarded-availability -index-store-path /Users/krishna/Library/Developer/Xcode/DerivedData/Hrms_-fwmimlbgucwnlkdgjryadaszcdfx/Index.noindex/DataStore @/Users/krishna/Library/Developer/Xcode/DerivedData/Hrms_-fwmimlbgucwnlkdgjryadaszcdfx/Build/Intermediates.noindex/Pods.build/Debug-iphonesimulator/React-debug.build/Objects-normal/arm64/82b82416624d2658e5098eb0a28c15c5-common-args.resp -include /Users/krishna/Desktop/Projects/Manas_/ios/Pods/Target\ Support\ Files/React-debug/React-debug-prefix.pch -MMD -MT dependencies -MF /Users/krishna/Library/Developer/Xcode/DerivedData/Hrms_-fwmimlbgucwnlkdgjryadaszcdfx/Build/Intermediates.noindex/Pods.build/Debug-iphonesimulator/React-debug.build/Objects-normal/arm64/react_native_assert.d --serialize-diagnostics /Users/krishna/Library/Developer/Xcode/DerivedData/Hrms_-fwmimlbgucwnlkdgjryadaszcdfx/Build/Intermediates.noindex/Pods.build/Debug-iphonesimulator/React-debug.build/Objects-normal/arm64/react_native_assert.dia -c /Users/krishna/Desktop/Projects/Manas_/node_modules/react-native/ReactCommon/react/debug/react_native_assert.cpp -o /Users/krishna/Library/Developer/Xcode/DerivedData/Hrms_-fwmimlbgucwnlkdgjryadaszcdfx/Build/Intermediates.noindex/Pods.build/Debug-iphonesimulator/React-debug.build/Objects-normal/arm64/react_native_assert.o -index-unit-output-path /Pods.build/Debug-iphonesimulator/React-debug.build/Objects-normal/arm64/react_native_assert.o
error \=non-modular-include-in-framework-module -Wno-trigraphs -Wno-missing-field-initializers -Wno-missing-prototypes -Werror\=return-type -Wdocumentation -Wunreachable-code -Werror\=deprecated-objc-isa-usage -Werror\=objc-root-class -Wno-non-virtual-dtor -Wno-overloaded-virtual -Wno-exit-time-destructors -Wno-missing-braces -Wparentheses -Wswitch -Wunused-function -Wno-unused-label -Wno-unused-parameter -Wunused-variable -Wunused-value -Wempty-body -Wuninitialized -Wconditional-uninitialized -Wno-unknown-pragmas -w -Wno-shadow -Wno-four-char-constants -Wno-conversion -Wconstant-conversion -Wint-conversion -Wbool-conversion -Wenum-conversion -Wno-float-conversion -Wnon-literal-null-conversion -Wobjc-literal-conversion -Wshorten-64-to-32 -Wno-newline-eof -Wno-c++11-extensions -Wno-implicit-fallthrough -isysroot /Applications/Xcode.app/Contents/Developer/Platforms/iPhoneSimulator.platform/Developer/SDKs/iPhoneSimulator26.5.sdk -fstrict-aliasing -Wdeprecated-declarations -Winvalid-offsetof -Wno-sign-conversion -Winfinite-recursion -Wmove -Wcomma -Wblock-capture-autoreleasing -Wstrict-prototypes -Wrange-loop-analysis -Wno-semicolon-before-method-body -Wunguarded-availability -index-store-path /Users/krishna/Library/Developer/Xcode/DerivedData/Hrms_-fwmimlbgucwnlkdgjryadaszcdfx/Index.noindex/DataStore @/Users/krishna/Library/Developer/Xcode/DerivedData/Hrms_-fwmimlbgucwnlkdgjryadaszcdfx/Build/Intermediates.noindex/Pods.build/Debug-iphonesimulator/RCT-Folly.build/Objects-normal/arm64/82b82416624d2658e5098eb0a28c15c5-common-args.resp -Wno-documentation -faligned-new -include /Users/krishna/Desktop/Projects/Manas_/ios/Pods/Target\ Support\ Files/RCT-Folly/RCT-Folly-prefix.pch -MMD -MT dependencies -MF /Users/krishna/Library/Developer/Xcode/DerivedData/Hrms_-fwmimlbgucwnlkdgjryadaszcdfx/Build/Intermediates.noindex/Pods.build/Debug-iphonesimulator/RCT-Folly.build/Objects-normal/arm64/SplitStringSimd.d --serialize-diagnostics /Users/krishna/Library/Developer/Xcode/DerivedData/Hrms_-fwmimlbgucwnlkdgjryadaszcdfx/Build/Intermediates.noindex/Pods.build/Debug-iphonesimulator/RCT-Folly.build/Objects-normal/arm64/SplitStringSimd.dia -c /Users/krishna/Desktop/Projects/Manas_/ios/Pods/RCT-Folly/folly/detail/SplitStringSimd.cpp -o /Users/krishna/Library/Developer/Xcode/DerivedData/Hrms_-fwmimlbgucwnlkdgjryadaszcdfx/Build/Intermediates.noindex/Pods.build/Debug-iphonesimulator/RCT-Folly.build/Objects-normal/arm64/SplitStringSimd.o -index-unit-output-path /Pods.build/Debug-iphonesimulator/RCT-Folly.build/Objects-normal/arm64/SplitStringSimd.o
error Failed to build ios project. "xcodebuild" exited with error code '65'. To debug build logs further, consider building your app with Xcode.app, by opening 'Hrms_.xcworkspace'.
